X_Minimum,X_Maximum,Y_Minimum,Y_Maximum,Pixels_Areas,X_Perimeter,Y_Perimeter,Sum_of_Luminosity,Minimum_of_Luminosity,Maximum_of_Luminosity,Length_of_Conveyer,TypeOfSteel_A300,TypeOfSteel_A400,Steel_Plate_Thickness,Edges_Index,Empty_Index,Square_Index,Outside_X_Index,Edges_X_Index,Edges_Y_Index,Outside_Global_Index,LogOfAreas,Log_X_Index,Log_Y_Index,Orientation_Index,Luminosity_Index,SigmoidOfAreas,Pastry,Z_Scratch,K_Scatch,Stains,Dirtiness,Bumps,Other_Faults
42,50,270900,270944,267,17,44,24220,76,108,1687,1,0,80,0.0498,0.2415,0.1818,0.0047,0.4706,1,1,2.4265,0.9031,1.6435,0.8182,-0.2913,0.5822,1,0,0,0,0,0,0
645,651,2538079,2538108,108,10,30,11397,84,123,1687,1,0,80,0.7647,0.3793,0.2069,0.0036,0.6,0.9667,1,2.0334,0.7782,1.4624,0.7931,-0.1756,0.2984,1,0,0,0,0,0,0
829,835,1553913,1553931,71,8,19,7972,99,125,1623,1,0,100,0.971,0.3426,0.3333,0.0037,0.75,0.9474,1,1.8513,0.7782,1.2553,0.6667,-0.1228,0.215,1,0,0,0,0,0,0
853,860,369370,369415,176,13,45,18996,99,126,1353,0,1,290,0.7287,0.4413,0.1556,0.0052,0.5385,1,1,2.2455,0.8451,1.6532,0.8444,-0.1568,0.5212,1,0,0,0,0,0,0
1289,1306,498078,498335,2409,60,260,246930,37,126,1353,0,1,185,0.0695,0.4486,0.0662,0.0126,0.2833,0.9885,1,3.3818,1.2305,2.4099,0.9338,-0.1992,1,1,0,0,0,0,0,0
430,441,100250,100337,630,20,87,62357,64,127,1387,0,1,40,0.62,0.3417,0.1264,0.0079,0.55,1,1,2.7993,1.0414,1.9395,0.8736,-0.2267,0.9874,1,0,0,0,0,0,0
413,446,138468,138883,9052,230,432,1481991,23,199,1687,0,1,150,0.4896,0.339,0.0795,0.0196,0.1435,0.9607,1,3.9567,1.5185,2.6181,0.9205,0.2791,1,1,0,0,0,0,0,0
190,200,210936,210956,132,11,20,20007,124,172,1687,0,1,150,0.2253,0.34,0.5,0.0059,0.9091,1,1,2.1206,1,1.301,0.5,0.1841,0.3359,1,0,0,0,0,0,0
330,343,429227,429253,264,15,26,29748,53,148,1687,0,1,150,0.3912,0.2189,0.5,0.0077,0.8667,1,1,2.4216,1.1139,1.415,0.5,-0.1197,0.5593,1,0,0,0,0,0,0
74,90,779144,779308,1506,46,167,180215,53,143,1687,0,1,150,0.0877,0.4261,0.0976,0.0095,0.3478,0.982,1,3.1778,1.2041,2.2148,0.9024,-0.0651,1,1,0,0,0,0,0,0
106,118,813452,813500,442,13,48,50393,76,143,1687,0,1,150,0.1257,0.2326,0.25,0.0071,0.9231,1,1,2.6454,1.0792,1.6812,0.75,-0.1093,0.8612,1,0,0,0,0,0,0
505,515,106604,106668,284,42,69,31062,97,119,1687,0,1,150,0.5987,0.5562,0.1563,0.0059,0.2381,0.9275,1,2.4533,1,1.8062,0.8438,-0.1455,0.9048,1,0,0,0,0,0,0
46,58,179258,179312,480,15,54,61966,102,158,1687,0,1,150,0.0545,0.2593,0.2222,0.0071,0.8,1,1,2.6812,1.0792,1.7324,0.7778,0.0086,0.9093,1,0,0,0,0,0,0
581,590,230644,230704,433,22,60,38917,62,111,1687,0,1,150,0.6888,0.1981,0.15,0.0053,0.4091,1,1,2.6365,0.9542,1.7781,0.85,-0.2978,0.8299,1,0,0,0,0,0,0
451,466,368143,368208,728,30,68,69258,36,133,1687,0,1,150,0.5347,0.2533,0.2308,0.0089,0.5,0.9559,1,2.8621,1.1761,1.8129,0.7692,-0.2568,0.9888,1,0,0,0,0,0,0
669,684,491552,491684,1097,59,133,119540,50,134,1687,0,1,150,0.7931,0.446,0.1136,0.0089,0.2542,0.9925,1,3.0402,1.1761,2.1206,0.8864,-0.1487,1,1,0,0,0,0,0,0
156,192,713788,714056,5044,167,282,570911,11,143,1687,0,1,150,0.1849,0.4772,0.1343,0.0213,0.2156,0.9503,1,3.7028,1.5563,2.4281,0.8657,-0.1157,1,1,0,0,0,0,0,0
90,104,751059,751132,552,38,76,59750,79,134,1687,0,1,150,0.1067,0.4599,0.1918,0.0083,0.3684,0.9605,1,2.7419,1.1461,1.8633,0.8082,-0.1543,0.9918,1,0,0,0,0,0,0
82,89,844704,844729,137,8,25,14907,92,126,1687,0,1,150,0.0972,0.2171,0.28,0.0041,0.875,1,1,2.1367,0.8451,1.3979,0.72,-0.1499,0.2998,1,0,0,0,0,0,0
1601,1613,21349,21376,209,15,27,24807,96,141,1687,0,1,200,0.0877,0.3549,0.4444,0.0071,0.8,1,1,2.3201,1.0792,1.4314,0.5556,-0.0727,0.5362,1,0,0,0,0,0,0
17,28,42683,42717,284,18,34,32604,87,141,1687,0,1,200,0.0202,0.2406,0.3235,0.0065,0.6111,1,1,2.4533,1.0414,1.5315,0.6765,-0.1031,0.6173,1,0,0,0,0,0,0
43,52,86284,86313,153,13,29,17753,101,134,1687,0,1,200,0.051,0.4138,0.3103,0.0053,0.6923,1,1,2.1847,0.9542,1.4624,0.6897,-0.0935,0.4317,1,0,0,0,0,0,0
63,72,115485,115504,106,10,19,13829,107,150,1687,0,1,200,0.0747,0.3801,0.4737,0.0053,0.9,1,1,2.0253,0.9542,1.2787,0.5263,0.0192,0.2942,1,0,0,0,0,0,0
82,92,149044,149083,264,15,39,32175,92,141,1687,0,1,200,0.0972,0.3231,0.2564,0.0059,0.6667,1,1,2.4216,1,1.5911,0.7436,-0.0479,0.6422,1,0,0,0,0,0,0
75,84,184350,184383,201,17,35,27349,123,148,1687,0,1,200,0.0889,0.3232,0.2727,0.0053,0.5294,0.9429,1,2.3032,0.9542,1.5185,0.7273,0.063,0.4913,1,0,0,0,0,0,0
1363,1372,2128884,2128907,171,9,23,16645,77,111,1373,0,1,40,0.0015,0.1739,0.3913,0.0066,1,1,1,2.233,0.9542,1.3617,0.6087,-0.2395,0.3464,1,0,0,0,0,0,0
1358,1372,2356396,2356435,395,19,39,38722,75,118,1373,0,1,40,0.0015,0.2766,0.359,0.0102,0.7368,1,1,2.5966,1.1461,1.5911,0.641,-0.2341,0.8355,1,0,0,0,0,0,0
1404,1410,5202306,5202324,85,9,18,8948,97,119,1627,0,1,40,0.2668,0.213,0.3333,0.0037,0.6667,1,1,1.9294,0.7782,1.2553,0.6667,-0.1776,0.215,1,0,0,0,0,0,0
1281,1302,4332564,4332815,3214,92,253,368381,33,140,1373,0,1,40,0.1034,0.3902,0.0837,0.0153,0.2283,0.9921,1,3.5071,1.3222,2.3997,0.9163,-0.1045,1,1,0,0,0,0,0,0
49,62,4822354,4822392,386,15,38,36875,51,124,1373,0,1,40,0.0714,0.2186,0.3421,0.0095,0.8667,1,1,2.5866,1.1139,1.5798,0.6579,-0.2537,0.7822,1,0,0,0,0,0,0
830,837,1874382,1874415,182,9,33,20751,99,132,1373,0,1,40,0.7808,0.2121,0.2121,0.0051,0.7778,1,1,2.2601,0.8451,1.5185,0.7879,-0.1093,0.3834,1,0,0,0,0,0,0
91,104,2378173,2378236,527,19,63,48793,47,125,1387,0,1,40,0.1312,0.3565,0.2063,0.0094,0.6842,1,1,2.7218,1.1139,1.7993,0.7936,-0.2767,0.9691,1,0,0,0,0,0,0
161,168,2891780,2891804,158,9,24,16680,80,119,1387,0,1,40,0.2322,0.0595,0.2917,0.005,0.7778,1,1,2.1987,0.8451,1.3802,0.7083,-0.1752,0.2901,1,0,0,0,0,0,0
1328,1338,2691161,2691189,214,10,28,19762,70,111,1387,0,1,50,0.0707,0.2357,0.3571,0.0072,1,1,1,2.3304,1,1.4472,0.6429,-0.2785,0.463,1,0,0,0,0,0,0
1251,1274,3874199,3874261,994,29,62,68851,15,119,1387,0,1,50,0.1629,0.3029,0.371,0.0166,0.7931,1,1,2.9974,1.3617,1.7924,0.629,-0.4588,0.9994,1,0,0,0,0,0,0
733,745,3957796,3957839,367,16,43,35856,55,127,1387,0,1,50,0.9257,0.2888,0.2791,0.0087,0.75,1,1,2.5647,1.0792,1.6335,0.7209,-0.2367,0.8061,1,0,0,0,0,0,0
12,24,304433,304472,320,15,39,32705,55,125,1353,0,1,70,0.0177,0.3162,0.3077,0.0089,0.8,1,1,2.5052,1.0792,1.5911,0.6923,-0.2015,0.7512,1,0,0,0,0,0,0
162,172,505964,506035,378,34,72,43323,77,135,1353,0,1,70,0.2395,0.4676,0.1408,0.0074,0.2941,0.9861,1,2.5775,1,1.8513,0.8591,-0.1046,0.9381,1,0,0,0,0,0,0
0,10,1701480,1701528,210,36,48,17413,73,100,1333,0,1,40,0,0.5625,0.2083,0.0075,0.2778,1,1,2.3222,1,1.6812,0.7917,-0.3522,0.7659,1,0,0,0,0,0,0
1617,1629,183688,183711,201,22,23,20993,79,126,1633,0,1,250,0.0049,0.2717,0.5217,0.0074,0.5454,1,1,2.3032,1.0792,1.3617,0.4783,-0.184,0.4564,1,0,0,0,0,0,0
1152,1162,284144,284198,386,35,54,44712,90,132,1687,0,1,200,0.6224,0.2852,0.1852,0.0059,0.2857,1,1,2.5866,1,1.7324,0.8148,-0.095,0.8299,1,0,0,0,0,0,0
1259,1271,1918092,1918128,324,30,36,30269,65,124,1353,0,1,70,0.1212,0.25,0.3333,0.0089,0.4,1,1,2.5106,1.0792,1.5563,0.6667,-0.2701,0.7037,1,0,0,0,0,0,0
1545,1557,19815,19841,234,20,26,23207,66,124,1627,0,1,40,0.086,0.25,0.4615,0.0074,0.6,1,1,2.3692,1.0792,1.415,0.5385,-0.2252,0.5162,1,0,0,0,0,0,0
1580,1590,3884411,3884461,340,30,50,34655,88,116,1627,0,1,40,0.0455,0.32,0.2,0.0061,0.3333,1,1,2.5315,1,1.699,0.8,-0.2037,0.7889,1,0,0,0,0,0,0
450,458,1009978,1009999,98,16,21,10784,96,132,1690,1,0,60,0.5325,0.4167,0.381,0.0047,0.5,1,1,1.9912,0.9031,1.3222,0.6191,-0.1403,0.2901,1,0,0,0,0,0,0
1625,1634,1702442,1702491,267,43,49,22785,67,110,1690,1,0,60,0.0663,0.3946,0.1837,0.0053,0.2093,1,1,2.4265,0.9542,1.6902,0.8163,-0.3333,0.7161,1,0,0,0,0,0,0
1495,1502,3509718,3509731,56,12,13,5587,85,116,1686,1,0,60,0.2183,0.3846,0.5385,0.0041,0.5833,1,1,1.7482,0.8451,1.1139,0.4615,-0.2206,0.1965,1,0,0,0,0,0,0
958,964,3550754,3550771,71,11,17,7502,91,124,1682,1,0,60,0.8537,0.3039,0.3529,0.0036,0.5454,1,1,1.8513,0.7782,1.2305,0.6471,-0.1745,0.2083,1,0,0,0,0,0,0
1536,1548,43036,43048,90,14,12,7525,67,100,1688,1,0,60,0.1659,0.375,1,0.0071,0.8571,1,0.5,1.9542,1.0792,1.0792,0,-0.3468,0.2583,1,0,0,0,0,0,0
780,787,1686880,1686891,55,9,11,6124,95,125,1690,1,0,60,0.9231,0.2857,0.6364,0.0041,0.7778,1,1,1.7404,0.8451,1.0414,0.3636,-0.1301,0.1822,1,0,0,0,0,0,0
1140,1147,2379116,2379129,58,9,13,6567,100,132,1690,1,0,60,0.6426,0.3626,0.5385,0.0041,0.7778,1,1,1.7634,0.8451,1.1139,0.4615,-0.1154,0.1965,1,0,0,0,0,0,0
13,24,2512899,2512965,567,47,66,46365,51,109,1690,1,0,60,0.0154,0.219,0.1667,0.0065,0.234,1,1,2.7536,1.0414,1.8195,0.8333,-0.3611,0.944,1,0,0,0,0,0,0
11,20,2845229,2845256,182,20,27,16337,72,109,1688,1,0,60,0.013,0.251,0.3333,0.0053,0.45,1,1,2.2601,0.9542,1.4314,0.6667,-0.2987,0.4025,1,0,0,0,0,0,0
1589,1599,3826564,3826588,154,20,24,13678,69,108,1650,1,0,69,0.0618,0.3583,0.4167,0.0061,0.5,1,1,2.1875,1,1.3802,0.5833,-0.3061,0.3977,1,0,0,0,0,0,0
765,774,4157586,4157620,188,20,34,20528,95,125,1648,1,0,69,0.9284,0.3856,0.2647,0.0055,0.45,1,1,2.2742,0.9542,1.5315,0.7353,-0.1469,0.5063,1,0,0,0,0,0,0
1268,1277,5437033,5437060,146,20,27,15572,88,126,1646,1,0,69,0.4484,0.3992,0.3333,0.0055,0.45,1,1,2.1644,0.9542,1.4314,0.6667,-0.1667,0.4025,1,0,0,0,0,0,0
333,346,5683008,5683014,51,14,7,6902,120,149,1650,1,0,69,0.4036,0.3462,0.4615,0.0079,0.9286,0.8571,0,1.7076,1.1139,0.7782,-0.5385,0.0573,0.1832,1,0,0,0,0,0,0
1287,1299,1005865,1005895,184,25,30,18593,85,119,1650,1,0,100,0.4254,0.4889,0.4,0.0073,0.48,1,1,2.2648,1.0792,1.4771,0.6,-0.2106,0.5951,1,0,0,0,0,0,0
1088,1096,1094617,1094629,67,10,12,7416,94,132,1710,1,0,100,0.7181,0.3021,0.6667,0.0047,0.8,1,1,1.8261,0.9031,1.0792,0.3333,-0.1353,0.2018,1,0,0,0,0,0,0
1255,1261,718602,718617,64,10,15,7013,99,123,1360,1,0,100,0.1456,0.2889,0.4,0.0044,0.6,1,1,1.8062,0.7782,1.1761,0.6,-0.1439,0.1954,1,0,0,0,0,0,0
707,714,807870,807880,53,10,10,5039,81,111,1360,1,0,100,0.95,0.2429,0.7,0.0052,0.7,1,1,1.7243,0.8451,1,0.3,-0.2572,0.1753,1,0,0,0,0,0,0
1186,1193,238656,238667,60,10,11,6863,100,132,1362,1,0,120,0.2482,0.2208,0.6364,0.0051,0.7,1,1,1.7781,0.8451,1.0414,0.3636,-0.1064,0.1822,1,0,0,0,0,0,0
626,635,2071945,2071956,76,14,11,8063,84,126,1362,1,0,120,0.9192,0.2323,0.8182,0.0066,0.6429,1,1,1.8808,0.9542,1.0414,0.1818,-0.1712,0.2051,1,0,0,0,0,0,0
1503,1510,893849,893861,66,9,12,6625,87,118,1632,1,0,100,0.1495,0.2143,0.5833,0.0043,0.7778,1,1,1.8195,0.8451,1.0792,0.4167,-0.2158,0.1892,1,0,0,0,0,0,0
1152,1161,969900,969911,70,9,11,7846,99,127,1632,1,0,100,0.5772,0.2929,0.8182,0.0055,1,1,1,1.8451,0.9542,1.0414,0.1818,-0.1243,0.2051,1,0,0,0,0,0,0
1533,1542,1031539,1031599,382,43,60,38206,77,118,1632,1,0,100,0.1103,0.2926,0.15,0.0055,0.2093,1,1,2.5821,0.9542,1.7781,0.85,-0.2186,0.8299,1,0,0,0,0,0,0
788,796,1060712,1060732,110,13,20,11126,84,116,1630,1,0,100,0.9669,0.3125,0.4,0.0049,0.6154,1,1,2.0414,0.9031,1.301,0.6,-0.2098,0.2792,1,0,0,0,0,0,0
34,40,914648,914661,51,8,13,5369,95,116,1654,1,0,100,0.0411,0.3462,0.4615,0.0036,0.75,1,1,1.7076,0.7782,1.1139,0.5385,-0.1775,0.1832,1,0,0,0,0,0,0
1604,1612,1194800,1194814,63,15,14,5232,73,94,1656,1,0,100,0.0531,0.4375,0.5714,0.0048,0.5333,1,1,1.7993,0.9031,1.1461,0.4286,-0.3512,0.2195,1,0,0,0,0,0,0
1610,1618,1944129,1944138,56,12,9,4674,71,101,1656,1,0,100,0.0459,0.2222,0.8889,0.0048,0.6667,1,1,1.7482,0.9031,0.9542,0.1111,-0.3479,0.1773,1,0,0,0,0,0,0
1617,1628,2095494,2095507,89,14,13,7804,77,100,1658,1,0,100,0.0362,0.3776,0.8461,0.0066,0.7857,1,1,1.9494,1.0414,1.1139,0.1539,-0.315,0.257,1,0,0,0,0,0,0
1589,1598,2493647,2493675,190,21,28,18416,81,116,1648,1,0,100,0.0607,0.246,0.3214,0.0055,0.4286,1,1,2.2787,0.9542,1.4472,0.6786,-0.2428,0.417,1,0,0,0,0,0,0
482,490,11430396,11430416,81,15,20,8709,99,119,1656,1,0,100,0.5821,0.4938,0.4,0.0048,0.5333,1,1,1.9085,0.9031,1.301,0.6,-0.16,0.2792,1,0,0,0,0,0,0
1067,1073,237702,237720,63,17,18,4616,58,93,1694,1,0,211,0.7332,0.4167,0.3333,0.0035,0.3529,1,1,1.7993,0.7782,1.2553,0.6667,-0.4276,0.215,1,0,0,0,0,0,0
623,631,309514,309526,60,9,12,4585,62,92,1694,1,0,211,0.7355,0.375,0.6667,0.0047,0.8889,1,1,1.7781,0.9031,1.0792,0.3333,-0.403,0.2018,1,0,0,0,0,0,0
446,453,200561,200567,30,8,6,3022,80,116,1692,1,0,143,0.5272,0.2857,0.8571,0.0041,0.875,1,0,1.4771,0.8451,0.7782,-0.1429,-0.213,0.1499,1,0,0,0,0,0,0
375,384,519677,519708,209,24,31,24034,90,143,1692,1,0,143,0.4433,0.2509,0.2903,0.0053,0.375,1,1,2.3201,0.9542,1.4914,0.7097,-0.1016,0.4613,1,0,0,0,0,0,0
125,134,1334420,1334443,156,20,23,18654,101,141,1352,1,0,80,0.1849,0.2464,0.3913,0.0067,0.45,1,1,2.1931,0.9542,1.3617,0.6087,-0.0658,0.3464,1,0,0,0,0,0,0
124,140,2377039,2377320,2643,165,285,300024,64,140,1400,0,1,40,0.1771,0.4121,0.0569,0.0114,0.097,0.986,1,3.4221,1.2041,2.4487,0.9431,-0.1132,1,1,0,0,0,0,0,0
1321,1339,513812,514011,2145,134,201,228995,16,133,1380,0,1,40,0.0594,0.4012,0.0904,0.013,0.1343,0.9901,1,3.3314,1.2553,2.2989,0.9096,-0.166,1,1,0,0,0,0,0,0
817,843,66196,66362,1421,142,185,141034,47,126,1666,0,1,40,0.9808,0.6708,0.1566,0.0156,0.1831,0.8973,1,3.1526,1.415,2.2201,0.8434,-0.2246,1,1,0,0,0,0,0,0
808,816,161967,161984,103,13,17,11430,97,126,1666,0,1,40,0.97,0.2427,0.4706,0.0048,0.6154,1,1,2.0128,0.9031,1.2305,0.5294,-0.133,0.2482,1,0,0,0,0,0,0
1327,1335,126951,126958,40,11,7,4014,89,111,1364,0,1,60,0.0425,0.2857,0.875,0.0059,0.7273,1,0,1.6021,0.9031,0.8451,-0.125,-0.216,0.1622,1,0,0,0,0,0,0
64,95,417618,418215,10914,481,604,1096282,21,141,1362,0,1,60,0.094,0.4103,0.0519,0.0228,0.0645,0.9884,1,4.038,1.4914,2.776,0.9481,-0.2153,1,1,0,0,0,0,0,0
57,69,33796,33812,135,18,16,10915,55,97,1360,0,1,200,0.0838,0.2969,0.75,0.0088,0.6667,1,1,2.1303,1.0792,1.2041,0.25,-0.3683,0.3241,1,0,0,0,0,0,0
921,930,638468,638484,114,14,17,13173,94,140,1392,0,1,220,0.6638,0.2083,0.5625,0.0065,0.6429,0.9412,1,2.0569,0.9542,1.2041,0.4375,-0.0972,0.2583,1,0,0,0,0,0,0
830,837,837868,837888,82,13,20,9671,106,128,1392,0,1,220,0.7974,0.4143,0.35,0.005,0.5385,1,1,1.9138,0.8451,1.301,0.65,-0.0786,0.2532,1,0,0,0,0,0,0
1201,1213,3496093,3496125,275,19,32,28986,78,127,1362,0,1,40,0.2188,0.2839,0.375,0.0088,0.6316,1,1,2.4393,1.0792,1.5051,0.625,-0.1765,0.633,1,0,0,0,0,0,0
1227,1238,3980733,3980769,289,25,36,32134,92,132,1364,0,1,40,0.1848,0.2702,0.3056,0.0081,0.44,1,1,2.4609,1.0414,1.5563,0.6944,-0.1313,0.6514,1,0,0,0,0,0,0
959,974,4178002,4178041,313,36,39,35005,68,135,1364,0,1,40,0.5719,0.465,0.3846,0.011,0.4167,1,1,2.4955,1.1761,1.5911,0.6154,-0.1263,0.8682,1,0,0,0,0,0,0
320,333,4383724,4383776,437,36,52,44883,63,132,1364,0,1,40,0.4692,0.3535,0.25,0.0095,0.3611,1,1,2.6405,1.1139,1.716,0.75,-0.1976,0.9236,1,0,0,0,0,0,0
34,51,132507,132576,759,45,69,67978,44,124,1362,0,1,40,0.0499,0.3529,0.2464,0.0125,0.3778,1,1,2.8802,1.2305,1.8389,0.7536,-0.3003,0.997,1,0,0,0,0,0,0
159,172,273320,273387,677,44,67,67597,72,124,1360,0,1,40,0.2338,0.2227,0.194,0.0096,0.2955,1,1,2.8306,1.1139,1.8261,0.806,-0.2199,0.9779,1,0,0,0,0,0,0
1265,1278,31580,31602,211,18,22,17820,49,109,1364,0,1,100,0.1261,0.2622,0.5909,0.0095,0.7222,1,1,2.3243,1.1139,1.3424,0.4091,-0.3402,0.4729,1,0,0,0,0,0,0
1343,1352,106512,106519,52,9,7,5049,87,109,1366,0,1,100,0.0205,0.1746,0.7778,0.0066,1,1,0,1.716,0.9542,0.8451,-0.2222,-0.2414,0.1687,1,0,0,0,0,0,0
557,570,2425687,2425716,261,28,29,28261,91,126,1358,0,1,40,0.8203,0.3077,0.4483,0.0096,0.4643,1,1,2.4166,1.1139,1.4624,0.5517,-0.1541,0.6221,1,0,0,0,0,0,0
1058,1066,367429,367455,135,18,26,15385,103,126,1690,0,1,70,0.7385,0.351,0.3077,0.0047,0.4444,1,1,2.1303,0.9031,1.415,0.6923,-0.1097,0.3479,1,0,0,0,0,0,0
780,787,1044544,1044587,181,29,43,20264,99,125,1690,0,1,70,0.9231,0.3987,0.1628,0.0041,0.2414,1,1,2.2577,0.8451,1.6335,0.8372,-0.1253,0.4979,1,0,0,0,0,0,0
971,979,1246698,1246717,109,15,19,12212,100,127,1694,0,1,70,0.8442,0.2829,0.4211,0.0047,0.5333,1,1,2.0374,0.9031,1.2787,0.5789,-0.1247,0.2686,1,0,0,0,0,0,0
374,382,2670756,2670772,102,11,16,11385,95,127,1692,0,1,70,0.4421,0.2031,0.5,0.0047,0.7273,1,1,2.0086,0.9031,1.2041,0.5,-0.128,0.2384,1,0,0,0,0,0,0
1027,1034,2928247,2928259,51,8,12,5999,111,135,1692,0,1,70,0.7778,0.3929,0.5833,0.0041,0.875,1,1,1.7076,0.8451,1.0792,0.4167,-0.081,0.1892,1,0,0,0,0,0,0
1554,1564,3375744,3375765,134,13,21,13356,89,111,1690,0,1,70,0.1491,0.3619,0.4762,0.0059,0.7692,1,1,2.1271,1,1.3222,0.5238,-0.2213,0.3509,1,0,0,0,0,0,0
179,193,1280228,1280256,266,23,28,24547,49,126,1626,0,1,120,0.2202,0.3214,0.5,0.0086,0.6087,1,1,2.4249,1.1461,1.4472,0.5,-0.279,0.6453,1,0,0,0,0,0,0
980,992,333332,333435,970,57,103,97514,66,133,1362,0,1,175,0.5433,0.2152,0.1165,0.0088,0.2105,1,1,2.9868,1.0792,2.0128,0.8835,-0.2146,0.998,1,0,0,0,0,0,0
1579,1592,562576,562633,515,32,57,41622,46,108,1632,0,1,125,0.049,0.305,0.2281,0.008,0.4063,1,1,2.7118,1.1139,1.7559,0.7719,-0.3686,0.9491,1,0,0,0,0,0,0
225,235,719009,719024,116,17,15,11656,71,127,1634,0,1,125,0.2754,0.2267,0.6667,0.0061,0.5882,1,1,2.0645,1,1.1761,0.3333,-0.215,0.266,1,0,0,0,0,0,0
1465,1486,1837263,1837460,2490,146,197,283038,19,141,1634,0,1,125,0.1812,0.3981,0.1066,0.0128,0.1438,1,1,3.3962,1.3222,2.2945,0.8934,-0.112,1,1,0,0,0,0,0,0
1360,1373,2094748,2094776,251,22,28,28050,89,140,1632,0,1,125,0.3174,0.3104,0.4643,0.008,0.5909,1,1,2.3997,1.1139,1.4472,0.5357,-0.1269,0.6015,1,0,0,0,0,0,0
1155,1167,2124816,2124840,165,22,26,18742,87,134,1626,0,1,125,0.5646,0.4271,0.5,0.0074,0.5454,0.9231,1,2.2175,1.0792,1.3802,0.5,-0.1126,0.4763,1,0,0,0,0,0,0
1325,1334,1959035,1959052,112,16,17,11439,84,127,1358,0,1,40,0.0353,0.268,0.5294,0.0066,0.5625,1,1,2.0492,0.9542,1.2305,0.4706,-0.2021,0.2699,1,0,0,0,0,0,0
1260,1271,552783,552815,208,24,32,22478,84,126,1350,0,1,50,0.117,0.4091,0.3438,0.0082,0.4583,1,1,2.3181,1.0414,1.5051,0.6563,-0.1557,0.5822,1,0,0,0,0,0,0
1245,1258,702370,702405,337,26,35,33379,68,125,1354,0,1,50,0.1418,0.2593,0.3714,0.0096,0.5,1,1,2.5276,1.1139,1.5441,0.6286,-0.2262,0.7347,1,0,0,0,0,0,0
1687,1696,150712,150740,167,24,28,9559,23,94,1698,0,1,90,0.0024,0.3373,0.3214,0.0053,0.375,1,1,2.2227,0.9542,1.4472,0.6786,-0.5528,0.417,1,0,0,0,0,0,0
1507,1516,188768,188800,200,24,32,21691,90,125,1696,0,1,90,0.2123,0.3056,0.2813,0.0053,0.375,1,1,2.301,0.9542,1.5051,0.7188,-0.1527,0.4763,1,0,0,0,0,0,0
1688,1694,247330,247414,359,29,84,19226,30,93,1696,0,1,90,0.0024,0.2877,0.0714,0.0035,0.2069,1,1,2.5551,0.7782,1.9243,0.9286,-0.5816,0.7933,1,0,0,0,0,0,0
1685,1692,297096,297166,349,33,70,24697,45,95,1698,0,1,90,0.0071,0.2878,0.1,0.0041,0.2121,1,1,2.5428,0.8451,1.8451,0.9,-0.4471,0.7776,1,0,0,0,0,0,0
1687,1694,348227,348257,140,12,30,9253,38,101,1698,0,1,90,0.0047,0.3333,0.2333,0.0041,0.5833,1,1,2.1461,0.8451,1.4771,0.7667,-0.4836,0.3509,1,0,0,0,0,0,0
1571,1583,435871,435916,379,35,45,37695,80,124,1700,0,1,90,0.1376,0.2982,0.2667,0.0071,0.3429,1,1,2.5786,1.0792,1.6532,0.7333,-0.223,0.8299,1,0,0,0,0,0,0
757,766,487568,487588,121,13,20,13345,89,134,1698,0,1,90,0.8916,0.3278,0.45,0.0053,0.6923,1,1,2.0828,0.9542,1.301,0.55,-0.1384,0.3068,1,0,0,0,0,0,0
1568,1583,564536,564621,762,63,86,78455,88,124,1698,0,1,90,0.1355,0.4024,0.1765,0.0088,0.2381,0.9884,1,2.8819,1.1761,1.9294,0.8235,-0.1956,0.9985,1,0,0,0,0,0,0
1571,1585,689792,689890,861,78,98,90154,91,126,1696,0,1,90,0.1309,0.3724,0.1429,0.0082,0.1795,1,1,2.935,1.1461,1.9912,0.8571,-0.182,0.9992,1,0,0,0,0,0,0
1575,1589,815462,815504,335,37,42,32766,86,124,1696,0,1,90,0.1262,0.4303,0.3333,0.0082,0.3784,1,1,2.525,1.1461,1.6233,0.6667,-0.2359,0.8705,1,0,0,0,0,0,0
1579,1590,939827,939860,242,24,33,24672,90,119,1698,0,1,90,0.1272,0.3333,0.3333,0.0065,0.4583,1,1,2.3838,1.0414,1.5185,0.6667,-0.2035,0.5999,1,0,0,0,0,0,0
1395,1407,1108752,1108782,264,26,30,25531,64,126,1696,0,1,90,0.3408,0.2667,0.4,0.0071,0.4615,1,1,2.4216,1.0792,1.4771,0.6,-0.2445,0.5951,1,0,0,0,0,0,0
5,13,1137189,1137216,134,20,27,14605,94,125,1694,0,1,90,0.0059,0.3796,0.2963,0.0047,0.4,1,1,2.1271,0.9031,1.4314,0.7037,-0.1485,0.3601,1,0,0,0,0,0,0
1578,1590,1208774,1208843,372,56,70,37930,77,125,1696,0,1,90,0.125,0.5507,0.1739,0.0071,0.2143,0.9857,1,2.5705,1.0792,1.8389,0.8261,-0.2034,0.9708,1,0,0,0,0,0,0
1595,1611,1594430,1594517,794,59,87,84410,62,127,1696,0,1,90,0.1002,0.4296,0.1839,0.0094,0.2712,1,1,2.8998,1.2041,1.9395,0.8161,-0.1694,0.9993,1,0,0,0,0,0,0
10,22,1678200,1678232,227,28,32,23706,77,127,1698,0,1,90,0.0118,0.4089,0.375,0.0071,0.4286,1,1,2.356,1.0792,1.5051,0.625,-0.1841,0.633,1,0,0,0,0,0,0
1593,1608,1724027,1724129,927,65,103,89508,68,127,1698,0,1,90,0.106,0.3941,0.1471,0.0088,0.2308,0.9903,1,2.9671,1.1761,2.0086,0.8529,-0.2456,0.9997,1,0,0,0,0,0,0
9,18,1743219,1743250,227,22,31,21864,74,126,1698,0,1,90,0.0106,0.1864,0.2903,0.0053,0.4091,1,1,2.356,0.9542,1.4914,0.7097,-0.2475,0.4613,1,0,0,0,0,0,0
1505,1514,1751260,1751304,271,35,45,28268,85,127,1700,0,1,90,0.2188,0.3157,0.2045,0.0053,0.2571,0.9778,1,2.433,0.9542,1.6435,0.7954,-0.1851,0.6514,1,0,0,0,0,0,0
1470,1488,1771553,1771642,771,50,89,76380,63,127,1698,0,1,90,0.2474,0.5187,0.2023,0.0106,0.36,1,1,2.887,1.2553,1.9494,0.7977,-0.2261,0.9998,1,0,0,0,0,0,0
1643,1656,1809470,1809524,471,37,54,43880,62,125,1698,0,1,90,0.0495,0.3291,0.2407,0.0077,0.3514,1,1,2.673,1.1139,1.7324,0.7593,-0.2722,0.9349,1,0,0,0,0,0,0
1555,1570,1823955,1823987,285,24,32,29895,81,126,1698,0,1,90,0.1508,0.4063,0.4688,0.0088,0.625,1,1,2.4548,1.1761,1.5051,0.5313,-0.1805,0.7659,1,0,0,0,0,0,0
923,931,1120157,1120180,120,17,23,12238,84,124,1688,1,0,70,0.8969,0.3478,0.3478,0.0047,0.4706,1,1,2.0792,0.9031,1.3617,0.6522,-0.2033,0.3125,1,0,0,0,0,0,0
1540,1558,1511165,1511591,4686,251,427,454421,30,133,1688,1,0,70,0.154,0.3889,0.0422,0.0107,0.0717,0.9977,1,3.6708,1.2553,2.6294,0.9578,-0.2424,1,1,0,0,0,0,0,0
1251,1256,458923,458941,70,15,18,8051,106,127,1356,0,1,40,0.1475,0.2222,0.2778,0.0037,0.3333,1,1,1.8451,0.699,1.2553,0.7222,-0.1015,0.1954,1,0,0,0,0,0,0
83,92,3528981,3529007,180,18,26,19118,80,127,1362,0,1,40,0.1219,0.2308,0.3462,0.0066,0.5,1,1,2.2553,0.9542,1.415,0.6539,-0.1702,0.3882,1,0,0,0,0,0,0
375,386,1063504,1063527,170,18,23,18052,79,127,1698,0,1,60,0.4417,0.3281,0.4783,0.0065,0.6111,1,1,2.2304,1.0414,1.3617,0.5217,-0.1704,0.4187,1,0,0,0,0,0,0
1136,1142,1421726,1421746,83,14,20,9917,110,134,1696,0,1,60,0.6533,0.3083,0.3,0.0035,0.4286,1,1,1.9191,0.7782,1.301,0.7,-0.0666,0.2288,1,0,0,0,0,0,0
451,465,2550845,2551201,2705,213,359,197957,28,126,1364,1,0,80,0.6613,0.4573,0.0393,0.0103,0.0657,0.9916,1,3.4322,1.1461,2.5515,0.9607,-0.4283,1,1,0,0,0,0,0,0
1331,1336,4270168,4270218,177,15,50,17388,65,126,1360,1,0,100,0.0353,0.292,0.1,0.0037,0.3333,1,1,2.248,0.699,1.699,0.9,-0.2325,0.4138,1,0,0,0,0,0,0
172,183,212157,212188,221,26,31,22508,66,125,1358,0,1,40,0.2533,0.3519,0.3548,0.0081,0.4231,1,1,2.3444,1.0414,1.4914,0.6452,-0.2043,0.5642,1,0,0,0,0,0,0
30,38,2277670,2277688,109,16,18,11573,89,126,1358,0,1,40,0.0442,0.2431,0.4444,0.0059,0.5,1,1,2.0374,0.9031,1.2553,0.5556,-0.1705,0.2583,1,0,0,0,0,0,0
389,399,5427410,5427424,104,14,14,11748,84,135,1362,0,1,40,0.5712,0.2571,0.7143,0.0073,0.7143,1,1,2.017,1,1.1461,0.2857,-0.1175,0.2532,1,0,0,0,0,0,0
450,466,11741476,11741833,3319,221,357,363821,37,133,1360,0,1,40,0.6618,0.4189,0.0448,0.0118,0.0724,1,1,3.521,1.2041,2.5527,0.9552,-0.1436,1,1,0,0,0,0,0,0
41,54,12577343,12577396,501,33,53,46520,49,127,1358,0,1,40,0.0604,0.2729,0.2453,0.0096,0.3939,1,1,2.6998,1.1139,1.7243,0.7547,-0.2746,0.9294,1,0,0,0,0,0,0
295,308,12725281,12725314,291,20,33,28711,68,126,1358,0,1,40,0.4345,0.3217,0.3939,0.0096,0.65,1,1,2.4639,1.1139,1.5185,0.6061,-0.2292,0.6995,1,0,0,0,0,0,0
268,279,12917033,12917094,444,43,61,45269,78,126,1360,0,1,40,0.3941,0.3383,0.1803,0.0081,0.2558,1,1,2.6474,1.0414,1.7853,0.8197,-0.2035,0.9212,1,0,0,0,0,0,0
62,74,12987661,12987692,258,27,31,26902,75,125,1360,0,1,40,0.0912,0.3065,0.3871,0.0088,0.4444,1,1,2.4116,1.0792,1.4914,0.6129,-0.1854,0.6142,1,0,0,0,0,0,0
18,26,471253,471281,168,24,28,20267,102,143,1360,1,0,70,0.0265,0.25,0.2857,0.0059,0.3333,1,1,2.2253,0.9031,1.4472,0.7143,-0.0575,0.3725,1,0,0,0,0,0,0
16,26,786881,786900,136,19,19,16571,99,143,1358,1,0,70,0.0236,0.2842,0.5263,0.0074,0.5263,1,1,2.1335,1,1.2787,0.4737,-0.0481,0.3212,1,0,0,0,0,0,0
19,28,808173,808199,119,26,26,14471,97,143,1358,1,0,70,0.028,0.4915,0.3462,0.0066,0.3462,1,1,2.0756,0.9542,1.415,0.6539,-0.05,0.3882,1,0,0,0,0,0,0
16,26,1377748,1377782,257,21,34,31058,91,151,1356,1,0,70,0.0236,0.2441,0.2941,0.0074,0.4762,1,1,2.4099,1,1.5315,0.7059,-0.0559,0.5626,1,0,0,0,0,0,0
14,23,1461247,1461302,265,47,56,34055,106,156,1358,1,0,70,0.0206,0.4647,0.1636,0.0066,0.1915,0.9821,1,2.4232,0.9542,1.7404,0.8364,0.004,0.7833,1,0,0,0,0,0,0
13,21,1488612,1488636,105,18,24,13943,120,150,1358,1,0,70,0.0192,0.4531,0.3333,0.0059,0.4444,1,1,2.0212,0.9031,1.3802,0.6667,0.0374,0.3241,1,0,0,0,0,0,0
15,24,1620686,1620708,154,20,22,19711,103,156,1358,1,0,70,0.0221,0.2222,0.4091,0.0066,0.45,1,1,2.1875,0.9542,1.3424,0.5909,0,0.3329,1,0,0,0,0,0,0
17,26,1651888,1651909,145,18,21,18695,101,156,1358,1,0,70,0.025,0.2328,0.4286,0.0066,0.5,1,1,2.1614,0.9542,1.3222,0.5714,0.0073,0.3197,1,0,0,0,0,0,0
1166,1185,2258648,2258662,123,33,17,15858,116,143,1708,1,0,100,0.6124,0.5376,0.7368,0.0111,0.5758,0.8235,0,2.0899,1.2787,1.1461,-0.2632,0.0072,0.4399,0,1,0,0,0,0,0
7,19,21512,21518,56,13,6,6632,108,132,1354,1,0,70,0.0103,0.2222,0.5,0.0089,0.9231,1,0,1.7482,1.0792,0.7782,-0.5,-0.0748,0.1773,0,1,0,0,0,0,0
37,53,50442,50467,226,33,31,25563,100,132,1354,1,0,70,0.0547,0.435,0.64,0.0118,0.4848,0.8065,1,2.3541,1.2041,1.3979,0.36,-0.1163,0.6574,0,1,0,0,0,0,0
39,51,66522,66578,436,41,56,39043,71,117,1354,1,0,70,0.0576,0.3512,0.2143,0.0089,0.2927,1,1,2.6395,1.0792,1.7482,0.7857,-0.3004,0.9216,0,1,0,0,0,0,0
193,205,82308,82319,84,19,11,9155,99,118,1354,1,0,70,0.2851,0.3636,0.9167,0.0089,0.6316,1,0,1.9243,1.0792,1.0414,-0.0833,-0.1485,0.2432,0,1,0,0,0,0,0
145,159,102099,102111,63,20,15,7752,109,140,1354,1,0,70,0.2142,0.625,0.8571,0.0103,0.7,0.8,0,1.7993,1.1461,1.0792,-0.1429,-0.0387,0.2901,0,1,0,0,0,0,0
39,60,118073,118242,1590,143,172,154035,80,116,1354,1,0,70,0.0576,0.552,0.1243,0.0155,0.1469,0.9826,1,3.2014,1.3222,2.2279,0.8757,-0.2431,1,0,1,0,0,0,0,0
141,182,133683,133829,2267,201,161,248809,96,127,1354,1,0,70,0.2083,0.6213,0.2808,0.0303,0.204,0.9068,1,3.3554,1.6128,2.1644,0.7192,-0.1426,1,0,1,0,0,0,0,0
68,103,149046,149092,521,90,54,62926,104,135,1354,1,0,70,0.1004,0.6764,0.7609,0.0258,0.3889,0.8518,1,2.7168,1.5441,1.6628,0.2391,-0.0564,0.9998,0,1,0,0,0,0,0
81,94,162885,162940,395,54,59,41476,92,127,1356,1,0,70,0.1195,0.4475,0.2364,0.0096,0.2407,0.9322,1,2.5966,1.1139,1.7404,0.7636,-0.1797,0.94,0,1,0,0,0,0,0
0,17,177337,177387,353,53,56,32335,79,118,1352,1,0,70,0,0.5847,0.34,0.0126,0.3207,0.8929,1,2.5478,1.2305,1.699,0.66,-0.2844,0.9747,0,1,0,0,0,0,0
94,106,190885,190920,205,33,36,22913,98,125,1354,1,0,70,0.1389,0.5119,0.3429,0.0089,0.3636,0.9722,1,2.3117,1.0792,1.5441,0.6571,-0.1268,0.6868,0,1,0,0,0,0,0
10,21,204933,204953,135,16,23,8781,46,86,1356,1,0,70,0.0148,0.3864,0.55,0.0081,0.6875,0.8696,1,2.1303,1.0414,1.301,0.45,-0.4918,0.3663,0,1,0,0,0,0,0
3,15,221100,221142,294,35,42,20642,47,95,1356,1,0,70,0.0044,0.4167,0.2857,0.0088,0.3429,1,1,2.4683,1.0792,1.6233,0.7143,-0.4515,0.7933,0,1,0,0,0,0,0
16,24,240377,240390,71,12,13,6820,86,110,1356,1,0,70,0.0236,0.3173,0.6154,0.0059,0.6667,1,1,1.8513,0.9031,1.1139,0.3846,-0.2496,0.2105,0,1,0,0,0,0,0
144,150,254652,254670,56,16,19,6593,109,126,1354,1,0,70,0.2127,0.4815,0.3333,0.0044,0.375,0.9474,1,1.7482,0.7782,1.2553,0.6667,-0.0802,0.215,0,1,0,0,0,0,0
30,39,274230,274244,54,17,15,5912,97,132,1354,1,0,70,0.0443,0.5714,0.6429,0.0066,0.5294,0.9333,1,1.7324,0.9542,1.1461,0.3571,-0.1447,0.2359,0,1,0,0,0,0,0
63,82,287835,287869,400,49,42,35427,78,101,1356,1,0,70,0.0929,0.3808,0.5588,0.014,0.3878,0.8095,1,2.6021,1.2787,1.5315,0.4412,-0.3081,0.9082,0,1,0,0,0,0,0
166,174,303149,303167,82,22,21,9467,105,127,1358,1,0,70,0.2445,0.4306,0.4444,0.0059,0.3636,0.8571,1,1.9138,0.9031,1.2553,0.5556,-0.098,0.2583,0,1,0,0,0,0,0
158,168,319303,319317,69,14,14,7659,98,125,1358,1,0,70,0.2327,0.5071,0.7143,0.0074,0.7143,1,1,1.8389,1,1.1461,0.2857,-0.1328,0.2532,0,1,0,0,0,0,0
174,194,334304,334316,114,38,21,13595,106,134,1354,1,0,70,0.257,0.525,0.6,0.0148,0.5263,0.5714,0,2.0569,1.301,1.0792,-0.4,-0.0683,0.3977,0,1,0,0,0,0,0
513,529,350481,350500,158,28,19,15719,89,111,1354,1,0,70,0.7577,0.4803,0.8421,0.0118,0.5714,1,1,2.1987,1.2041,1.2787,0.1579,-0.2228,0.5029,0,1,0,0,0,0,0
25,37,362724,362736,57,15,12,4557,70,93,1354,1,0,70,0.0369,0.6042,1,0.0089,0.8,1,0.5,1.7559,1.0792,1.0792,0,-0.3754,0.2583,0,1,0,0,0,0,0
9,18,374580,374591,74,15,11,4347,36,84,1356,1,0,70,0.0133,0.2525,0.8182,0.0066,0.6,1,1,1.8692,0.9542,1.0414,0.1818,-0.5411,0.2051,0,1,0,0,0,0,0
185,199,387402,387414,75,23,12,8535,104,127,1356,1,0,70,0.2729,0.5536,0.8571,0.0103,0.6087,1,0,1.8751,1.1461,1.0792,-0.1429,-0.1109,0.2901,0,1,0,0,0,0,0
134,156,411630,411717,787,94,94,85268,94,124,1356,1,0,70,0.1976,0.5888,0.2529,0.0162,0.234,0.9255,1,2.896,1.3424,1.9395,0.7471,-0.1535,1,0,1,0,0,0,0,0
81,216,425023,425176,5027,748,403,611544,93,143,1358,1,0,70,0.1193,0.7566,0.8824,0.0994,0.1805,0.3796,1,3.7013,2.1303,2.1847,0.1177,-0.0496,1,0,1,0,0,0,0,0
385,408,439180,439212,353,65,40,34230,84,111,1356,1,0,70,0.5678,0.5204,0.7188,0.017,0.3539,0.8,1,2.5478,1.3617,1.5051,0.2813,-0.2424,0.9474,0,1,0,0,0,0,0
34,42,451067,451079,59,13,12,5608,85,103,1354,1,0,70,0.0502,0.3854,0.6667,0.0059,0.6154,1,1,1.7708,0.9031,1.0792,0.3333,-0.2574,0.2018,0,1,0,0,0,0,0
1147,1160,463836,463848,74,19,13,8915,109,132,1354,1,0,70,0.2866,0.5256,0.9231,0.0096,0.6842,0.9231,0,1.8692,1.1139,1.0792,-0.0769,-0.0588,0.2739,0,1,0,0,0,0,0
260,272,477075,477082,55,12,7,6106,101,124,1356,1,0,70,0.3835,0.3452,0.5833,0.0088,1,1,0,1.7404,1.0792,0.8451,-0.4167,-0.1327,0.1892,0,1,0,0,0,0,0
1,16,494893,494946,397,50,56,21964,33,84,1354,1,0,70,0.0015,0.5006,0.283,0.0111,0.3,0.9464,1,2.5988,1.1761,1.7243,0.717,-0.5678,0.9639,0,1,0,0,0,0,0
225,244,506783,506794,123,28,16,13148,95,118,1356,1,0,70,0.3319,0.4115,0.5789,0.014,0.6786,0.6875,0,2.0899,1.2787,1.0414,-0.4211,-0.1649,0.3494,0,1,0,0,0,0,0
369,380,518261,518272,78,24,12,8388,95,119,1356,1,0,70,0.5443,0.3554,1,0.0081,0.4583,0.9167,0.5,1.8921,1.0414,1.0414,0,-0.1599,0.23,0,1,0,0,0,0,0
436,442,530968,530985,63,17,17,6374,90,116,1356,1,0,70,0.6431,0.3823,0.3529,0.0044,0.3529,1,1,1.7993,0.7782,1.2305,0.6471,-0.2096,0.2083,0,1,0,0,0,0,0
506,519,548929,548953,170,28,25,20000,105,126,1356,1,0,70,0.7463,0.4551,0.5417,0.0096,0.4643,0.96,1,2.2304,1.1139,1.3802,0.4583,-0.0809,0.5162,0,1,0,0,0,0,0
109,121,560425,560445,124,18,20,13549,97,124,1352,1,0,70,0.1612,0.4833,0.6,0.0089,0.6667,1,1,2.0934,1.0792,1.301,0.4,-0.1464,0.3977,0,1,0,0,0,0,0
49,71,573049,573118,884,106,98,83716,77,118,1356,1,0,70,0.0723,0.4177,0.3188,0.0162,0.2076,0.7041,1,2.9464,1.3424,1.8389,0.6812,-0.2601,0.9997,0,1,0,0,0,0,0
51,61,585861,585888,139,21,27,8233,40,78,1356,1,0,70,0.0752,0.4852,0.3704,0.0074,0.4762,1,1,2.143,1,1.4314,0.6296,-0.5373,0.4465,0,1,0,0,0,0,0
397,415,604478,604528,444,58,50,51661,97,134,1358,1,0,70,0.5847,0.5067,0.36,0.0132,0.3103,1,1,2.6474,1.2553,1.699,0.64,-0.091,0.9818,0,1,0,0,0,0,0
703,718,618132,618148,112,23,17,11154,87,111,1356,1,0,70,0.941,0.5333,0.9375,0.0111,0.6522,0.9412,1,2.0492,1.1761,1.2041,0.0625,-0.222,0.3977,0,1,0,0,0,0,0
405,416,634279,634288,71,15,10,8824,113,135,1358,1,0,70,0.5965,0.2828,0.8182,0.0081,0.7333,0.9,0,1.8513,1.0414,0.9542,-0.1818,-0.0291,0.2051,0,1,0,0,0,0,0
135,142,646729,646749,77,15,20,8235,97,124,1356,1,0,70,0.1991,0.45,0.35,0.0052,0.4667,1,1,1.8865,0.8451,1.301,0.65,-0.1645,0.2532,0,1,0,0,0,0,0
0,14,677297,677417,812,93,120,60260,51,93,1358,1,0,70,0,0.5167,0.1167,0.0103,0.1505,1,1,2.9096,1.1461,2.0792,0.8833,-0.4202,0.9999,0,1,0,0,0,0,0
10,42,697885,698089,2904,197,207,145129,22,86,1358,1,0,70,0.0147,0.5551,0.1569,0.0236,0.1624,0.9855,1,3.463,1.5051,2.3096,0.8431,-0.6096,1,0,1,0,0,0,0,0
10,32,718425,718521,964,106,103,53750,29,84,1356,1,0,70,0.0148,0.5436,0.2292,0.0162,0.2076,0.932,1,2.9841,1.3424,1.9823,0.7708,-0.5644,1,0,1,0,0,0,0,0
8,31,751592,751656,521,61,67,31515,43,78,1358,1,0,70,0.0118,0.6461,0.3594,0.0169,0.3771,0.9552,1,2.7168,1.3617,1.8062,0.6406,-0.5274,0.9996,0,1,0,0,0,0,0
216,250,763872,763947,938,117,94,110127,102,133,1356,1,0,70,0.3186,0.6322,0.4533,0.0251,0.2906,0.7979,1,2.9722,1.5315,1.8751,0.5467,-0.0828,1,0,1,0,0,0,0,0
34,139,776120,776424,4315,470,380,479002,82,148,1354,1,0,70,0.0502,0.8648,0.3454,0.0776,0.2234,0.8,1,3.635,2.0212,2.4829,0.6546,-0.1328,1,0,1,0,0,0,0,0
226,249,791161,791249,995,70,90,110993,95,133,1354,1,0,70,0.3338,0.5084,0.2614,0.017,0.3286,0.9778,1,2.9978,1.3617,1.9445,0.7386,-0.1285,1,0,1,0,0,0,0,0
174,194,802771,802822,585,101,56,63194,96,125,1352,1,0,70,0.2574,0.4265,0.3922,0.0148,0.198,0.9107,1,2.7672,1.301,1.7076,0.6078,-0.1561,0.9917,0,1,0,0,0,0,0
0,37,814236,814627,7292,466,536,608995,43,108,1352,1,0,70,0,0.496,0.0946,0.0274,0.0794,0.7295,1,3.8628,1.5682,2.5922,0.9054,-0.3475,1,0,1,0,0,0,0,0
2,27,830707,830795,1014,96,102,61231,40,79,1356,1,0,70,0.003,0.5391,0.2841,0.0184,0.2604,0.8627,1,3.006,1.3979,1.9445,0.7159,-0.5282,1,0,1,0,0,0,0,0
161,193,851460,851553,1784,90,99,202537,95,135,1354,1,0,70,0.2378,0.4005,0.3441,0.0236,0.3556,0.9394,1,3.2514,1.5051,1.9685,0.6559,-0.113,1,0,1,0,0,0,0,0
123,143,874488,874545,573,67,62,60005,90,126,1354,1,0,70,0.1817,0.4974,0.3509,0.0148,0.2985,0.9194,1,2.7582,1.301,1.7559,0.6491,-0.1819,0.9963,0,1,0,0,0,0,0
65,104,896899,897032,2875,202,161,316233,82,133,1352,1,0,70,0.0962,0.4457,0.2932,0.0289,0.1931,0.8261,1,3.4586,1.5911,2.1239,0.7068,-0.1407,1,0,1,0,0,0,0,0
27,56,908862,908986,2483,107,129,198389,44,101,1354,1,0,70,0.0399,0.3095,0.2339,0.0214,0.271,0.9612,1,3.395,1.4624,2.0934,0.7661,-0.3758,1,0,1,0,0,0,0,0
244,275,923170,923211,709,84,55,83627,105,132,1352,1,0,70,0.3609,0.4422,0.7561,0.0229,0.369,0.7455,1,2.8507,1.4914,1.6128,0.2439,-0.0785,0.9984,0,1,0,0,0,0,0
144,164,936743,936828,1148,85,94,121595,89,132,1354,1,0,70,0.2127,0.3247,0.2353,0.0148,0.2353,0.9043,1,3.0599,1.301,1.9294,0.7647,-0.1725,0.9999,0,1,0,0,0,0,0
138,184,949306,949493,3811,235,230,365943,78,124,1358,1,0,70,0.2032,0.557,0.246,0.0339,0.1957,0.813,1,3.581,1.6628,2.2718,0.754,-0.2498,1,0,1,0,0,0,0,0
66,92,961682,961728,613,95,77,63480,90,117,1356,1,0,70,0.0974,0.4875,0.5652,0.0192,0.2737,0.5974,1,2.7875,1.415,1.6628,0.4348,-0.191,0.9974,0,1,0,0,0,0,0
168,181,973635,973704,540,69,70,66181,110,135,1354,1,0,70,0.2482,0.398,0.1884,0.0096,0.1884,0.9857,1,2.7324,1.1139,1.8389,0.8116,-0.0425,0.9814,0,1,0,0,0,0,0
168,201,983776,983827,694,60,53,77691,94,127,1354,1,0,70,0.2482,0.5876,0.6471,0.0244,0.55,0.9623,1,2.8414,1.5185,1.7076,0.3529,-0.1254,0.9999,0,1,0,0,0,0,0
157,167,1009876,1009888,67,15,13,8477,113,140,1352,1,0,70,0.2323,0.4417,0.8333,0.0074,0.6667,0.9231,1,1.8261,1,1.0792,0.1667,-0.0115,0.2288,0,1,0,0,0,0,0
189,214,1025376,1025473,1348,98,100,126759,81,118,1356,1,0,70,0.2788,0.4441,0.2577,0.0184,0.2551,0.97,1,3.1297,1.3979,1.9868,0.7423,-0.2654,1,0,1,0,0,0,0,0
61,78,1036126,1036161,265,47,40,26694,86,116,1356,1,0,70,0.09,0.5546,0.4857,0.0125,0.3617,0.875,1,2.4232,1.2305,1.5441,0.5143,-0.213,0.8756,0,1,0,0,0,0,0
176,193,1048818,1048832,138,30,16,17295,114,141,1356,1,0,70,0.2596,0.4202,0.8235,0.0125,0.5667,0.875,0,2.1399,1.2305,1.1461,-0.1765,-0.0209,0.3945,0,1,0,0,0,0,0
141,154,1060291,1060313,109,25,22,12602,102,132,1356,1,0,70,0.208,0.6189,0.5909,0.0096,0.52,1,1,2.0374,1.1139,1.3424,0.4091,-0.0968,0.4729,0,1,0,0,0,0,0
172,179,1072228,1072248,74,19,20,8027,98,119,1354,1,0,70,0.2541,0.4714,0.35,0.0052,0.3684,1,1,1.8692,0.8451,1.301,0.65,-0.1525,0.2532,0,1,0,0,0,0,0
460,534,1082731,1082953,7579,591,431,917886,95,141,1356,1,0,70,0.6785,0.5386,0.3333,0.0546,0.1252,0.5151,1,3.8796,1.8692,2.3463,0.6667,-0.0538,1,0,1,0,0,0,0,0
137,156,1093477,1093492,184,31,15,19460,96,118,1354,1,0,70,0.2024,0.3544,0.7895,0.014,0.6129,1,0,2.2648,1.2787,1.1761,-0.2105,-0.1737,0.4713,0,1,0,0,0,0,0
14,32,1105359,1105387,252,55,36,19650,52,94,1356,1,0,70,0.0206,0.5,0.6429,0.0133,0.3273,0.7778,1,2.4014,1.2553,1.4472,0.3571,-0.3908,0.7933,0,1,0,0,0,0,0
212,222,1116878,1116892,62,14,14,6819,98,124,1354,1,0,70,0.3131,0.5571,0.7143,0.0074,0.7143,1,1,1.7924,1,1.1461,0.2857,-0.1408,0.2532,0,1,0,0,0,0,0
114,127,1127920,1127927,60,14,8,6685,102,124,1354,1,0,70,0.1684,0.3407,0.5385,0.0096,0.9286,0.875,0,1.7781,1.1139,0.8451,-0.4615,-0.1296,0.1965,0,1,0,0,0,0,0
242,252,1137747,1137757,55,20,14,6483,109,127,1354,1,0,70,0.3575,0.45,1,0.0074,0.5,0.7143,0.5,1.7404,1,1,0,-0.0791,0.2061,0,1,0,0,0,0,0
38,63,1148345,1148364,241,45,35,14875,42,85,1356,1,0,70,0.056,0.4926,0.76,0.0184,0.5556,0.5429,0,2.382,1.3979,1.2787,-0.24,-0.5178,0.7598,0,1,0,0,0,0,0
107,120,1159125,1159132,54,18,7,6135,102,124,1354,1,0,70,0.1581,0.4066,0.5385,0.0096,0.7222,1,0,1.7324,1.1139,0.8451,-0.4615,-0.1124,0.1965,0,1,0,0,0,0,0
119,127,1172603,1172632,128,22,30,15896,111,140,1356,1,0,70,0.1755,0.4483,0.2759,0.0059,0.3636,0.9667,1,2.1072,0.9031,1.4624,0.7241,-0.0298,0.385,0,1,0,0,0,0,0
1341,1347,1184511,1184525,51,17,14,4499,51,117,1358,1,0,70,0.0162,0.3929,0.4286,0.0044,0.3529,1,1,1.7076,0.7782,1.1461,0.5714,-0.3108,0.1892,0,1,0,0,0,0,0
75,82,1196901,1196915,61,12,14,5695,81,109,1354,1,0,70,0.1108,0.3776,0.5,0.0052,0.5833,1,1,1.7853,0.8451,1.1461,0.5,-0.2706,0.204,0,1,0,0,0,0,0
195,218,1211728,1211795,780,106,83,84461,96,126,1356,1,0,70,0.2876,0.4938,0.3433,0.017,0.217,0.8072,1,2.8921,1.3617,1.8261,0.6567,-0.154,0.9997,0,1,0,0,0,0,0
462,486,1226170,1226204,493,56,38,59901,105,141,1354,1,0,70,0.6824,0.3958,0.7059,0.0177,0.4286,0.8947,1,2.6929,1.3802,1.5315,0.2941,-0.0508,0.9685,0,1,0,0,0,0,0
603,612,1266537,1266548,65,10,12,6757,95,115,1358,1,0,70,0.8881,0.3434,0.8182,0.0066,0.9,0.9167,1,1.8129,0.9542,1.0414,0.1818,-0.1879,0.2051,0,1,0,0,0,0,0
220,234,1285730,1285749,138,28,21,14757,93,118,1358,1,0,70,0.324,0.4812,0.7368,0.0103,0.5,0.9048,1,2.1399,1.1461,1.2787,0.2632,-0.1646,0.4399,0,1,0,0,0,0,0
225,241,1301932,1301945,85,23,16,8566,93,111,1358,1,0,70,0.3314,0.5914,0.8125,0.0118,0.6956,0.8125,0,1.9294,1.2041,1.1139,-0.1875,-0.2127,0.3479,0,1,0,0,0,0,0
18,24,1312116,1312132,59,15,16,3095,41,71,1356,1,0,70,0.0266,0.3854,0.375,0.0044,0.4,1,1,1.7708,0.7782,1.2041,0.625,-0.5902,0.2018,0,1,0,0,0,0,0
294,308,1323717,1323745,222,25,29,25660,104,125,1358,1,0,70,0.433,0.4337,0.5,0.0103,0.56,0.9655,1,2.3463,1.1461,1.4472,0.5,-0.097,0.6453,0,1,0,0,0,0,0
79,95,1335585,1335593,73,20,11,8327,103,126,1356,1,0,70,0.1165,0.4297,0.5,0.0118,0.8,0.7273,0,1.8633,1.2041,0.9031,-0.5,-0.1088,0.2384,0,1,0,0,0,0,0
478,512,1346996,1347021,286,54,33,30518,95,125,1356,1,0,70,0.705,0.6635,0.7353,0.0251,0.6296,0.7576,0,2.4564,1.5315,1.3979,-0.2647,-0.1664,0.9747,0,1,0,0,0,0,0
65,80,1359784,1359820,390,30,36,38672,80,118,1358,1,0,70,0.0957,0.2778,0.4167,0.011,0.5,1,1,2.5911,1.1761,1.5563,0.5833,-0.2253,0.8299,0,1,0,0,0,0,0
165,176,1373431,1373442,52,17,13,5376,95,111,1358,1,0,70,0.243,0.5702,1,0.0081,0.6471,0.8461,0.5,1.716,1.0414,1.0414,0,-0.1923,0.23,0,1,0,0,0,0,0
135,146,1385900,1385914,98,23,14,9733,89,113,1360,1,0,70,0.1985,0.3636,0.7857,0.0081,0.4783,1,1,1.9912,1.0414,1.1461,0.2143,-0.2241,0.2712,0,1,0,0,0,0,0
85,96,1398904,1398914,61,12,11,6834,102,124,1358,1,0,70,0.1252,0.4455,0.9091,0.0081,0.9167,0.9091,0,1.7853,1.0414,1,-0.0909,-0.1247,0.2173,0,1,0,0,0,0,0
356,367,1411801,1411815,75,19,16,7384,89,109,1358,1,0,70,0.5243,0.513,0.7857,0.0081,0.5789,0.875,1,1.8751,1.0414,1.1461,0.2143,-0.2308,0.2712,0,1,0,0,0,0,0
49,71,1427809,1427883,705,76,76,63525,73,117,1358,1,0,70,0.0722,0.567,0.2973,0.0162,0.2895,0.9737,1,2.8482,1.3424,1.8692,0.7027,-0.296,0.9998,0,1,0,0,0,0,0
484,513,1457758,1457776,196,52,35,22534,104,127,1360,1,0,70,0.7118,0.6245,0.6207,0.0213,0.5577,0.5143,0,2.2923,1.4624,1.2553,-0.3793,-0.1018,0.8123,0,1,0,0,0,0,0
108,120,1471277,1471288,64,16,13,7216,102,124,1356,1,0,70,0.1593,0.5152,0.9167,0.0088,0.75,0.8461,0,1.8062,1.0792,1.0414,-0.0833,-0.1191,0.2432,0,1,0,0,0,0,0
357,370,1483879,1483901,130,26,25,13185,90,117,1358,1,0,70,0.5258,0.5454,0.5909,0.0096,0.5,0.88,1,2.1139,1.1139,1.3424,0.4091,-0.2076,0.4729,0,1,0,0,0,0,0
169,186,1495862,1495883,215,36,22,24463,103,125,1356,1,0,70,0.2493,0.3978,0.8095,0.0125,0.4722,0.9546,1,2.3324,1.2305,1.3222,0.1905,-0.1111,0.5903,0,1,0,0,0,0,0
37,48,1508012,1508040,178,25,28,18774,92,116,1356,1,0,70,0.0546,0.4221,0.3929,0.0081,0.44,1,1,2.2504,1.0414,1.4472,0.6071,-0.176,0.5096,0,1,0,0,0,0,0
116,126,1536604,1536631,155,24,27,16678,96,120,1356,1,0,70,0.1711,0.4259,0.3704,0.0074,0.4167,1,1,2.1903,1,1.4314,0.6296,-0.1594,0.4465,0,1,0,0,0,0,0
0,17,1549800,1549891,1030,72,92,71852,49,84,1354,1,0,70,0,0.3342,0.1868,0.0126,0.2361,0.9891,1,3.0128,1.2305,1.959,0.8132,-0.455,0.9998,0,1,0,0,0,0,0
824,844,1564536,1564557,140,27,22,15545,99,125,1356,1,0,70,0.7552,0.6667,0.9524,0.0148,0.7407,0.9546,1,2.1461,1.301,1.3222,0.0476,-0.1325,0.6868,0,1,0,0,0,0,0
53,91,1578055,1578129,1470,84,82,132939,70,118,1356,1,0,70,0.0782,0.4772,0.5135,0.028,0.4524,0.9024,1,3.1673,1.5798,1.8692,0.4865,-0.2935,1,0,1,0,0,0,0,0
248,262,1589431,1589443,69,20,19,7588,100,119,1356,1,0,70,0.3658,0.5893,0.8571,0.0103,0.7,0.6316,0,1.8389,1.1461,1.0792,-0.1429,-0.1408,0.2901,0,1,0,0,0,0,0
104,124,1602180,1602199,231,31,23,29896,117,143,1356,1,0,70,0.1534,0.3921,0.95,0.0148,0.6452,0.8261,0,2.3636,1.301,1.2787,-0.05,0.0111,0.6268,0,1,0,0,0,0,0
115,136,1622697,1622718,169,33,28,19591,105,127,1356,1,0,70,0.1696,0.6168,1,0.0155,0.6364,0.75,0.5,2.2279,1.3222,1.3222,0,-0.0944,0.7161,0,1,0,0,0,0,0
31,50,1647143,1647194,445,72,55,46236,91,118,1354,1,0,70,0.0458,0.5408,0.3726,0.014,0.2639,0.9273,1,2.6484,1.2787,1.7076,0.6274,-0.1883,0.9884,0,1,0,0,0,0,0
221,236,1658742,1658769,245,37,33,27599,100,124,1354,1,0,70,0.3264,0.3951,0.5556,0.0111,0.4054,0.8182,1,2.3892,1.1761,1.4314,0.4444,-0.1199,0.6648,0,1,0,0,0,0,0
195,209,1671098,1671110,99,16,13,12056,111,132,1358,1,0,70,0.2872,0.4107,0.8571,0.0103,0.875,0.9231,0,1.9956,1.1461,1.0792,-0.1429,-0.0486,0.2901,0,1,0,0,0,0,0
144,153,1686794,1686810,55,19,17,6146,104,125,1358,1,0,70,0.2121,0.6181,0.5625,0.0066,0.4737,0.9412,1,1.7404,0.9542,1.2041,0.4375,-0.127,0.2583,0,1,0,0,0,0,0
449,521,1699784,1699829,873,174,100,103898,106,133,1358,1,0,70,0.6613,0.7306,0.625,0.053,0.4138,0.45,0,2.941,1.8573,1.6532,-0.375,-0.0702,1,0,1,0,0,0,0,0
55,65,1713172,1713184,64,16,13,7286,102,126,1356,1,0,70,0.0811,0.4667,0.8333,0.0074,0.625,0.9231,1,1.8062,1,1.0792,0.1667,-0.1106,0.2288,0,1,0,0,0,0,0
142,155,1723382,1723392,60,20,11,6260,96,117,1360,1,0,70,0.2088,0.5385,0.7692,0.0096,0.65,0.9091,0,1.7781,1.1139,1,-0.2308,-0.1849,0.2408,0,1,0,0,0,0,0
49,75,1736811,1736822,120,31,18,12834,90,125,1356,1,0,70,0.0723,0.5804,0.4231,0.0192,0.8387,0.6111,0,2.0792,1.415,1.0414,-0.5769,-0.1645,0.4729,0,1,0,0,0,0,0
322,357,1747625,1747660,314,84,50,38597,110,140,1356,1,0,70,0.4749,0.7437,1,0.0258,0.4167,0.7,0.5,2.4969,1.5441,1.5441,0,-0.0397,0.9979,0,1,0,0,0,0,0
210,224,1761692,1761703,61,17,11,7309,112,132,1356,1,0,70,0.3097,0.6039,0.7857,0.0103,0.8235,1,0,1.7853,1.1461,1.0414,-0.2143,-0.0639,0.2712,0,1,0,0,0,0,0
30,58,1772722,1772736,253,50,26,28728,86,135,1356,1,0,70,0.0443,0.3546,0.5,0.0206,0.56,0.5385,0,2.4031,1.4472,1.1461,-0.5,-0.1129,0.6453,0,1,0,0,0,0,0
88,120,1785901,1785930,509,73,60,49765,80,116,1358,1,0,70,0.1296,0.4515,0.9063,0.0236,0.4384,0.4833,0,2.7067,1.5051,1.4624,-0.0938,-0.2362,0.9848,0,1,0,0,0,0,0
42,55,1798152,1798172,170,25,21,16633,84,116,1356,1,0,70,0.0619,0.3462,0.65,0.0096,0.52,0.9524,1,2.2304,1.1139,1.301,0.35,-0.2356,0.43,0,1,0,0,0,0,0
54,76,1810277,1810283,78,22,10,8246,95,117,1356,1,0,70,0.0796,0.4091,0.2727,0.0162,1,0.6,0,1.8921,1.3424,0.7782,-0.7273,-0.1741,0.2432,0,1,0,0,0,0,0
29,39,1821904,1821917,77,17,13,6861,76,109,1356,1,0,70,0.0428,0.4077,0.7692,0.0074,0.5882,1,1,1.8865,1,1.1139,0.2308,-0.3039,0.2408,0,1,0,0,0,0,0
173,188,1835338,1835349,83,18,12,10702,116,140,1356,1,0,70,0.2552,0.497,0.7333,0.0111,0.8333,0.9167,0,1.9191,1.1761,1.0414,-0.2667,0.0073,0.286,0,1,0,0,0,0,0
83,93,1846280,1846289,61,12,10,6490,96,118,1356,1,0,70,0.1224,0.3222,0.9,0.0074,0.8333,0.9,0,1.7853,1,0.9542,-0.1,-0.1688,0.1954,0,1,0,0,0,0,0
17,27,1859616,1859633,80,23,17,4931,41,84,1356,1,0,70,0.0251,0.5294,0.5882,0.0074,0.4348,1,1,1.9031,1,1.2305,0.4118,-0.5185,0.2928,0,1,0,0,0,0,0
98,108,1889430,1889440,51,15,10,5546,99,124,1356,1,0,70,0.1445,0.49,1,0.0074,0.6667,1,0.5,1.7076,1,1,0,-0.1504,0.2061,0,1,0,0,0,0,0
184,205,1901970,1901975,58,22,7,7050,111,135,1356,1,0,70,0.2714,0.4476,0.2381,0.0155,0.9546,0.7143,0,1.7634,1.3222,0.699,-0.7619,-0.0504,0.2116,0,1,0,0,0,0,0
116,126,1913635,1913646,58,13,11,7114,112,133,1356,1,0,70,0.1711,0.4727,0.9091,0.0074,0.7692,1,1,1.7634,1,1.0414,0.0909,-0.0418,0.2173,0,1,0,0,0,0,0
178,197,1924923,1924936,130,38,25,16308,115,140,1356,1,0,70,0.2625,0.4737,0.6842,0.014,0.5,0.52,0,2.1139,1.2787,1.1139,-0.3158,-0.02,0.4089,0,1,0,0,0,0,0
41,56,1939590,1939602,117,22,14,11647,89,110,1356,1,0,70,0.0605,0.35,0.8,0.0111,0.6818,0.8571,0,2.0682,1.1761,1.0792,-0.2,-0.2223,0.3068,0,1,0,0,0,0,0
82,98,1951256,1951299,490,38,44,50867,86,118,1354,1,0,70,0.1211,0.2878,0.3721,0.0118,0.4211,0.9773,1,2.6902,1.2041,1.6335,0.6279,-0.189,0.929,0,1,0,0,0,0,0
73,92,1964561,1964591,318,36,33,31789,85,124,1354,1,0,70,0.1078,0.4421,0.6333,0.014,0.5278,0.9091,1,2.5024,1.2787,1.4771,0.3667,-0.219,0.8563,0,1,0,0,0,0,0
20,37,1978821,1978842,185,29,24,18517,88,119,1354,1,0,70,0.0295,0.4818,0.8095,0.0126,0.5862,0.875,1,2.2672,1.2305,1.3222,0.1905,-0.218,0.5903,0,1,0,0,0,0,0
151,162,1990021,1990031,59,13,11,5957,89,111,1354,1,0,70,0.223,0.4636,0.9091,0.0081,0.8461,0.9091,0,1.7708,1.0414,1,-0.0909,-0.2112,0.2173,0,1,0,0,0,0,0
69,81,2001776,2001794,119,20,18,11516,84,117,1352,1,0,70,0.1021,0.4491,0.6667,0.0089,0.6,1,1,2.0756,1.0792,1.2553,0.3333,-0.244,0.3601,0,1,0,0,0,0,0
79,88,2012938,2012949,66,10,11,5652,75,101,1356,1,0,70,0.1165,0.3333,0.8182,0.0066,0.9,1,1,1.8195,0.9542,1.0414,0.1818,-0.331,0.2051,0,1,0,0,0,0,0
85,101,2023127,2023150,268,28,25,26356,84,118,1356,1,0,70,0.1254,0.2717,0.6956,0.0118,0.5714,0.92,1,2.4281,1.2041,1.3617,0.3043,-0.2317,0.6079,0,1,0,0,0,0,0
74,91,2032900,2032910,99,29,17,11843,109,134,1354,1,0,70,0.1093,0.4177,0.5882,0.0126,0.5862,0.5882,0,1.9956,1.2305,1,-0.4118,-0.0654,0.2928,0,1,0,0,0,0,0
34,48,2044448,2044475,197,38,29,19139,86,109,1354,1,0,70,0.0502,0.4788,0.5185,0.0103,0.3684,0.931,1,2.2945,1.1461,1.4314,0.4815,-0.241,0.6236,0,1,0,0,0,0,0
13,21,2058002,2058016,91,12,14,8106,79,101,1358,1,0,70,0.0192,0.1875,0.5714,0.0059,0.6667,1,1,1.959,0.9031,1.1461,0.4286,-0.3041,0.2195,0,1,0,0,0,0,0
32,44,2070769,2070796,142,30,29,12465,72,109,1354,1,0,70,0.0473,0.5617,0.4444,0.0089,0.4,0.931,1,2.1523,1.0792,1.4314,0.5556,-0.3142,0.5362,0,1,0,0,0,0,0
81,90,2082327,2082338,60,13,11,6133,91,117,1356,1,0,70,0.1195,0.3939,0.8182,0.0066,0.6923,1,1,1.7781,0.9542,1.0414,0.1818,-0.2014,0.2051,0,1,0,0,0,0,0
22,31,2097257,2097270,60,15,13,5573,81,103,1354,1,0,70,0.0325,0.4872,0.6923,0.0066,0.6,1,1,1.7781,0.9542,1.1139,0.3077,-0.2743,0.2253,0,1,0,0,0,0,0
280,305,2109314,2109324,149,27,17,15313,93,111,1354,1,0,70,0.4136,0.404,0.4,0.0185,0.9259,0.5882,0,2.1732,1.3979,1,-0.6,-0.1971,0.4138,0,1,0,0,0,0,0
107,120,2126449,2126462,103,19,13,12424,112,132,1356,1,0,70,0.1578,0.3905,1,0.0096,0.6842,1,0.5,2.0128,1.1139,1.1139,0,-0.0576,0.2914,0,1,0,0,0,0,0
7,19,2153394,2153410,93,19,17,9214,90,108,1356,1,0,70,0.0103,0.5156,0.75,0.0088,0.6316,0.9412,1,1.9685,1.0792,1.2041,0.25,-0.226,0.3241,0,1,0,0,0,0,0
42,59,2216544,2216556,115,22,17,11748,87,124,1356,1,0,70,0.0619,0.4363,0.7059,0.0125,0.7727,0.7059,0,2.0607,1.2305,1.0792,-0.2941,-0.2019,0.3419,0,1,0,0,0,0,0
8,29,2280779,2280868,1203,68,89,96937,48,101,1354,1,0,70,0.0118,0.3563,0.236,0.0155,0.3088,1,1,3.0803,1.3222,1.9494,0.764,-0.3705,1,0,1,0,0,0,0,0
8,18,2293926,2293946,109,22,20,11293,90,116,1356,1,0,70,0.0118,0.455,0.5,0.0074,0.4545,1,1,2.0374,1,1.301,0.5,-0.1906,0.3359,0,1,0,0,0,0,0
31,50,2381257,2381400,1371,114,144,150413,85,132,1356,1,0,70,0.0457,0.4954,0.1329,0.014,0.1667,0.9931,1,3.137,1.2787,2.1553,0.8671,-0.1429,1,0,1,0,0,0,0,0
45,53,2409503,2409518,88,13,15,8123,81,110,1354,1,0,70,0.0665,0.2667,0.5333,0.0059,0.6154,1,1,1.9445,0.9031,1.1761,0.4667,-0.2788,0.2288,0,1,0,0,0,0,0
25,46,2433660,2433721,566,64,70,62326,89,132,1356,1,0,70,0.0369,0.5582,0.3443,0.0155,0.3281,0.8714,1,2.7528,1.3222,1.7853,0.6557,-0.1397,0.9985,0,1,0,0,0,0,0
4,17,2445033,2445050,97,19,17,5940,47,77,1358,1,0,70,0.0059,0.5611,0.7647,0.0096,0.6842,1,1,1.9868,1.1139,1.2305,0.2353,-0.5216,0.3678,0,1,0,0,0,0,0
27,36,2457919,2457943,145,19,26,14997,91,117,1356,1,0,70,0.0398,0.3287,0.375,0.0066,0.4737,0.9231,1,2.1614,0.9542,1.3802,0.625,-0.192,0.3601,0,1,0,0,0,0,0
26,40,2535272,2535292,205,24,21,26503,108,148,1354,1,0,70,0.0384,0.2679,0.7,0.0103,0.5833,0.9524,1,2.3117,1.1461,1.301,0.3,0.01,0.463,0,1,0,0,0,0,0
2,11,2550643,2550653,60,12,10,3673,48,77,1358,1,0,70,0.003,0.3333,0.9,0.0066,0.75,1,1,1.7781,0.9542,1,0.1,-0.5217,0.1954,0,1,0,0,0,0,0
24,38,2563219,2563241,173,22,23,17100,85,111,1356,1,0,70,0.0354,0.4383,0.6364,0.0103,0.6364,0.9565,1,2.238,1.1461,1.3424,0.3636,-0.2278,0.5096,0,1,0,0,0,0,0
9,25,2583771,2583780,71,19,12,6886,84,111,1356,1,0,70,0.0133,0.5069,0.5625,0.0118,0.8421,0.75,0,1.8513,1.2041,0.9542,-0.4375,-0.2423,0.2583,0,1,0,0,0,0,0
53,81,2595595,2595643,578,73,68,52482,76,109,1356,1,0,70,0.0782,0.5699,0.5833,0.0206,0.3836,0.7059,1,2.7619,1.4472,1.6812,0.4167,-0.2906,0.999,0,1,0,0,0,0,0
13,23,2632520,2632529,53,13,9,5267,90,109,1354,1,0,70,0.0192,0.4111,0.9,0.0074,0.7692,1,0,1.7243,1,0.9542,-0.1,-0.2236,0.1954,0,1,0,0,0,0,0
48,61,2644076,2644097,153,25,21,16865,90,125,1352,1,0,70,0.071,0.4396,0.6191,0.0096,0.52,1,1,2.1847,1.1139,1.3222,0.381,-0.1388,0.4514,0,1,0,0,0,0,0
17,33,2656857,2656867,78,28,17,9208,105,132,1352,1,0,70,0.0251,0.5125,0.625,0.0118,0.5714,0.5882,0,1.8921,1.2041,1,-0.375,-0.0777,0.2792,0,1,0,0,0,0,0
23,40,2669665,2669677,94,24,16,10847,104,126,1354,1,0,70,0.034,0.5392,0.7059,0.0126,0.7083,0.75,0,1.9731,1.2305,1.0792,-0.2941,-0.0985,0.3419,0,1,0,0,0,0,0
27,42,2682394,2682435,376,40,43,36566,81,119,1352,1,0,70,0.0399,0.3886,0.3659,0.0111,0.375,0.9535,1,2.5752,1.1761,1.6128,0.6342,-0.2402,0.8894,0,1,0,0,0,0,0
0,16,2724583,2724595,111,20,21,6323,41,70,1356,1,0,70,0,0.4219,0.75,0.0118,0.8,0.5714,0,2.0453,1.2041,1.0792,-0.25,-0.555,0.3241,0,1,0,0,0,0,0
24,52,2787299,2787427,1543,150,151,160372,81,126,1352,1,0,70,0.0355,0.5695,0.2188,0.0207,0.1867,0.8477,1,3.1884,1.4472,2.1072,0.7813,-0.188,1,0,1,0,0,0,0,0
19,28,2811785,2811821,192,35,36,18361,80,118,1354,1,0,70,0.0281,0.4074,0.25,0.0066,0.2571,1,1,2.2833,0.9542,1.5563,0.75,-0.2529,0.5362,0,1,0,0,0,0,0
17,27,2824729,2824741,76,15,12,4643,43,86,1354,1,0,70,0.0251,0.3667,0.8333,0.0074,0.6667,1,1,1.8808,1,1.0792,0.1667,-0.5227,0.2288,0,1,0,0,0,0,0
18,32,2837245,2837268,199,20,23,18720,80,110,1352,1,0,70,0.0266,0.382,0.6087,0.0104,0.7,1,1,2.2989,1.1461,1.3617,0.3913,-0.2651,0.5329,0,1,0,0,0,0,0
15,22,2857887,2857900,71,11,13,6657,81,108,1350,1,0,70,0.0222,0.2198,0.5385,0.0052,0.6364,1,1,1.8513,0.8451,1.1139,0.4615,-0.2675,0.1965,0,1,0,0,0,0,0
0,6,2939205,2939222,69,14,18,7151,92,118,1348,1,0,70,0,0.3235,0.3529,0.0044,0.4286,0.9444,1,1.8389,0.7782,1.2305,0.6471,-0.1903,0.2083,0,1,0,0,0,0,0
1264,1271,750387,750399,52,11,13,5907,105,125,1358,1,0,100,0.1281,0.381,0.5833,0.0052,0.6364,0.9231,1,1.716,0.8451,1.0792,0.4167,-0.1125,0.1892,0,1,0,0,0,0,0
126,151,639972,639993,339,70,35,42620,119,135,1360,0,1,40,0.1853,0.3543,0.84,0.0184,0.3571,0.6,0,2.5302,1.3979,1.3222,-0.16,-0.0178,0.8153,0,1,0,0,0,0,0
105,125,843822,843837,155,37,23,19453,120,134,1362,0,1,40,0.1542,0.4833,0.75,0.0147,0.5405,0.6522,0,2.1903,1.301,1.1761,-0.25,-0.0195,0.4963,0,1,0,0,0,0,0
119,172,909471,909492,618,109,59,78470,119,135,1362,0,1,40,0.1747,0.4447,0.3962,0.0389,0.4862,0.3559,0,2.791,1.7243,1.3222,-0.6038,-0.008,0.9955,0,1,0,0,0,0,0
103,122,1136912,1136924,142,25,15,17707,119,133,1362,0,1,40,0.1513,0.3772,0.6316,0.0139,0.76,0.8,0,2.1523,1.2787,1.0792,-0.3684,-0.0258,0.3787,0,1,0,0,0,0,0
145,197,1317364,1317395,508,112,59,65223,120,142,1362,0,1,40,0.2129,0.6849,0.5961,0.0382,0.4643,0.5254,0,2.7059,1.716,1.4914,-0.4038,0.0031,0.9998,0,1,0,0,0,0,0
209,230,1346248,1346264,158,45,30,20312,122,140,1362,0,1,40,0.3069,0.5298,0.7619,0.0154,0.4667,0.5333,0,2.1987,1.3222,1.2041,-0.2381,0.0044,0.556,0,1,0,0,0,0,0
205,235,1417276,1417288,156,49,17,20131,122,140,1360,0,1,40,0.3015,0.5667,0.4,0.0221,0.6122,0.7059,0,2.1931,1.4771,1.0792,-0.6,0.0082,0.5951,0,1,0,0,0,0,0
181,230,1566427,1566453,312,73,48,40573,122,141,1360,0,1,40,0.2662,0.7551,0.5306,0.036,0.6712,0.5417,0,2.4941,1.6902,1.415,-0.4694,0.0159,0.9985,0,1,0,0,0,0,0
1190,1201,9007,9033,180,24,27,17505,87,111,1362,0,1,175,0.2364,0.3706,0.4231,0.0081,0.4583,0.963,1,2.2553,1.0414,1.415,0.5769,-0.2402,0.4729,0,1,0,0,0,0,0
1214,1222,737538,737568,147,28,31,16908,105,133,1362,0,1,175,0.2056,0.3875,0.2667,0.0059,0.2857,0.9677,1,2.1673,0.9031,1.4771,0.7333,-0.1014,0.3977,0,1,0,0,0,0,0
1211,1229,840091,840385,1733,206,294,185716,93,133,1362,0,1,175,0.1953,0.6725,0.0612,0.0132,0.0874,1,1,3.2388,1.2553,2.4683,0.9388,-0.1628,1,0,1,0,0,0,0,0
1207,1214,882674,882712,120,35,39,15035,118,135,1362,0,1,175,0.2173,0.5489,0.1842,0.0051,0.2,0.9744,1,2.0792,0.8451,1.5798,0.8158,-0.0212,0.4399,0,1,0,0,0,0,0
1200,1220,971714,971922,1804,175,211,214243,101,135,1360,0,1,175,0.2059,0.5663,0.0962,0.0147,0.1143,0.9858,1,3.2562,1.301,2.3181,0.9039,-0.0722,1,0,1,0,0,0,0,0
1191,1201,1062881,1062901,124,26,21,14323,107,126,1364,0,1,175,0.239,0.38,0.5,0.0073,0.3846,0.9524,1,2.0934,1,1.301,0.5,-0.0976,0.3359,0,1,0,0,0,0,0
1202,1215,1127580,1127599,119,24,20,13662,106,127,1364,0,1,175,0.2185,0.5182,0.6842,0.0095,0.5417,0.95,1,2.0756,1.1139,1.2787,0.3158,-0.1031,0.4089,0,1,0,0,0,0,0
1109,1118,1170194,1170219,130,21,26,15147,109,126,1360,0,1,175,0.3559,0.4222,0.36,0.0066,0.4286,0.9615,1,2.1139,0.9542,1.3979,0.64,-0.0897,0.374,0,1,0,0,0,0,0
1190,1219,1183612,1183893,3883,229,289,395668,78,127,1362,0,1,175,0.21,0.5235,0.1032,0.0213,0.1266,0.9723,1,3.5892,1.4624,2.4487,0.8968,-0.2039,1,0,1,0,0,0,0,0
1198,1209,1246188,1246244,295,42,56,32358,96,126,1364,0,1,175,0.2273,0.5211,0.1964,0.0081,0.2619,1,1,2.4698,1.0414,1.7482,0.8036,-0.1431,0.8901,0,1,0,0,0,0,0
464,474,28542,28553,72,13,12,13094,168,198,1387,0,1,40,0.6691,0.3455,0.9091,0.0072,0.7692,0.9167,1,1.8573,1,1.0414,0.0909,0.4208,0.2173,0,0,1,0,0,0,0
853,861,31984,31995,66,9,11,12872,178,207,1387,0,1,40,0.7585,0.25,0.7273,0.0058,0.8889,1,1,1.8195,0.9031,1.0414,0.2727,0.5237,0.1934,0,0,1,0,0,0,0
0,9,35152,35164,61,10,12,10855,168,189,1387,0,1,40,0,0.4352,0.75,0.0065,0.9,1,1,1.7853,0.9542,1.0792,0.25,0.3902,0.215,0,0,1,0,0,0,0
816,824,40184,40195,75,8,11,14016,157,206,1387,0,1,40,0.8118,0.1477,0.7273,0.0058,1,1,1,1.8751,0.9031,1.0414,0.2727,0.46,0.1934,0,0,1,0,0,0,0
827,843,48480,48539,443,56,60,79713,77,221,1387,0,1,40,0.7844,0.5307,0.2712,0.0115,0.2857,0.9833,1,2.6464,1.2041,1.7708,0.7288,0.4058,0.9863,0,0,1,0,0,0,0
1059,1069,117715,117724,76,10,9,15483,195,213,1387,0,1,40,0.4585,0.1556,0.9,0.0072,1,1,0,1.8808,1,0.9542,-0.1,0.5916,0.1954,0,0,1,0,0,0,0
259,272,125025,125040,150,13,15,28697,172,212,1387,0,1,40,0.3735,0.2308,0.8667,0.0094,1,1,1,2.1761,1.1139,1.1761,0.1333,0.4946,0.3285,0,0,1,0,0,0,0
853,872,135196,135298,892,59,104,181730,68,236,1387,0,1,40,0.7426,0.5397,0.1863,0.0137,0.322,0.9808,1,2.9504,1.2787,2.0086,0.8137,0.5917,1,0,0,1,0,0,0,0
570,585,155584,155593,74,16,11,15069,196,210,1387,0,1,40,0.8219,0.4518,0.6,0.0108,0.9375,0.8182,0,1.8692,1.1761,0.9542,-0.4,0.5909,0.2469,0,0,1,0,0,0,0
732,750,177076,177087,136,18,11,27180,192,207,1387,0,1,40,0.9185,0.3131,0.6111,0.013,1,1,0,2.1335,1.2553,1.0414,-0.3889,0.5613,0.3329,0,0,1,0,0,0,0
1084,1097,185575,185588,108,16,17,21840,195,212,1387,0,1,40,0.4182,0.3609,1,0.0094,0.8125,0.7647,0.5,2.0334,1.1139,1.1139,0,0.5799,0.2914,0,0,1,0,0,0,0
1212,1220,198764,198776,74,12,12,13025,163,188,1387,0,1,40,0.2408,0.2292,0.6667,0.0058,0.6667,1,1,1.8692,0.9031,1.0792,0.3333,0.3751,0.2018,0,0,1,0,0,0,0
857,865,211983,211993,52,8,10,9968,178,207,1387,0,1,40,0.7527,0.35,0.8,0.0058,1,1,1,1.716,0.9031,1,0.2,0.4976,0.1852,0,0,1,0,0,0,0
852,860,222646,222657,69,8,11,13099,164,205,1387,0,1,40,0.7599,0.2159,0.7273,0.0058,1,1,1,1.8389,0.9031,1.0414,0.2727,0.4831,0.1934,0,0,1,0,0,0,0
141,148,236266,236280,60,8,14,11189,178,198,1387,0,1,40,0.2033,0.3878,0.5,0.005,0.875,1,1,1.7781,0.8451,1.1461,0.5,0.4569,0.204,0,0,1,0,0,0,0
716,723,251869,251880,68,8,11,12624,177,191,1387,0,1,40,0.9575,0.1169,0.6364,0.005,0.875,1,1,1.8325,0.8451,1.0414,0.3636,0.4504,0.1822,0,0,1,0,0,0,0
1220,1228,270702,270711,70,8,9,11255,143,174,1387,0,1,40,0.2293,0.0278,0.8889,0.0058,1,1,1,1.8451,0.9031,0.9542,0.1111,0.2561,0.1773,0,0,1,0,0,0,0
1028,1052,365905,365932,504,24,27,69672,48,189,1387,0,1,40,0.4831,0.2222,0.8889,0.0173,1,1,1,2.7024,1.3802,1.4314,0.1111,0.08,0.9093,0,0,1,0,0,0,0
4,16,394965,394980,140,12,15,20974,118,174,1387,0,1,40,0.0058,0.2222,0.8,0.0087,1,1,1,2.1461,1.0792,1.1761,0.2,0.1704,0.3068,0,0,1,0,0,0,0
867,878,419960,419973,108,11,13,17174,123,181,1387,0,1,40,0.734,0.2448,0.8461,0.0079,1,1,1,2.0334,1.0414,1.1139,0.1539,0.2423,0.257,0,0,1,0,0,0,0
1279,1288,435870,435883,96,9,13,14369,128,164,1387,0,1,40,0.1427,0.1795,0.6923,0.0065,1,1,1,1.9823,0.9542,1.1139,0.3077,0.1693,0.2253,0,0,1,0,0,0,0
951,961,494451,494461,81,11,10,13311,141,182,1387,0,1,40,0.6143,0.19,1,0.0072,0.9091,1,0.5,1.9085,1,1,0,0.2839,0.2061,0,0,1,0,0,0,0
945,956,508640,508650,85,12,10,14041,139,181,1387,0,1,40,0.6215,0.2273,0.9091,0.0079,0.9167,1,0,1.9294,1.0414,1,-0.0909,0.2905,0.2173,0,0,1,0,0,0,0
856,864,519257,519266,57,10,11,9848,161,183,1387,0,1,40,0.7541,0.2083,0.8889,0.0058,0.8,0.8182,1,1.7559,0.9031,0.9542,0.1111,0.3498,0.1773,0,0,1,0,0,0,0
925,934,552377,552388,75,9,11,12593,150,180,1387,0,1,40,0.6532,0.2424,0.8182,0.0065,1,1,1,1.8751,0.9542,1.0414,0.1818,0.3118,0.2051,0,0,1,0,0,0,0
919,930,561832,561842,88,11,10,14538,134,183,1387,0,1,40,0.659,0.2,0.9091,0.0079,1,1,0,1.9445,1.0414,1,-0.0909,0.2907,0.2173,0,0,1,0,0,0,0
919,928,578380,578392,88,10,13,14808,148,182,1387,0,1,40,0.6619,0.1852,0.75,0.0065,0.9,0.9231,1,1.9445,0.9542,1.0792,0.25,0.3146,0.215,0,0,1,0,0,0,0
933,940,612662,612672,52,9,10,8857,161,182,1387,0,1,40,0.6446,0.2571,0.7,0.005,0.7778,1,1,1.716,0.8451,1,0.3,0.3307,0.1753,0,0,1,0,0,0,0
936,942,625664,625675,52,9,11,8801,159,181,1387,0,1,40,0.6417,0.2121,0.5454,0.0043,0.6667,1,1,1.716,0.7782,1.0414,0.4545,0.3223,0.1715,0,0,1,0,0,0,0
936,944,639848,639857,65,9,9,11132,161,182,1387,0,1,40,0.6388,0.0972,0.8889,0.0058,0.8889,1,1,1.8129,0.9031,0.9542,0.1111,0.338,0.1773,0,0,1,0,0,0,0
926,935,675316,675327,63,9,11,10518,156,180,1387,0,1,40,0.6518,0.3636,0.8182,0.0065,1,1,1,1.7993,0.9542,1.0414,0.1818,0.3043,0.2051,0,0,1,0,0,0,0
897,907,898704,898715,101,11,11,16760,148,182,1387,0,1,40,0.6921,0.0818,0.9091,0.0072,0.9091,1,1,2.0043,1,1.0414,0.0909,0.2964,0.2173,0,0,1,0,0,0,0
892,903,908164,908176,92,12,12,14703,128,175,1387,0,1,40,0.6979,0.303,0.9167,0.0079,0.9167,1,1,1.9638,1.0414,1.0792,0.0833,0.2486,0.2432,0,0,1,0,0,0,0
824,832,928256,928264,53,9,8,9033,158,181,1387,0,1,40,0.8003,0.1719,1,0.0058,0.8889,1,0.5,1.7243,0.9031,0.9031,0,0.3315,0.1696,0,0,1,0,0,0,0
732,793,78207,78276,2358,104,101,233778,49,124,1387,0,1,40,0.8565,0.4398,0.8841,0.044,0.5865,0.6832,1,3.3725,1.7853,1.8389,0.1159,-0.2254,1,0,0,1,0,0,0,0
367,440,795618,795659,2108,80,61,175110,6,119,1387,0,1,40,0.5292,0.2957,0.5616,0.0526,0.9125,0.6721,0,3.3239,1.8633,1.6128,-0.4384,-0.351,1,0,0,1,0,0,0,0
476,490,13302,13320,227,14,18,21216,36,127,1373,0,1,40,0.6934,0.0992,0.7778,0.0102,1,1,1,2.356,1.1461,1.2553,0.2222,-0.2698,0.417,0,0,1,0,0,0,0
498,515,31041,31058,231,17,17,21639,33,127,1373,0,1,40,0.7254,0.2007,1,0.0124,1,1,0.5,2.3636,1.2305,1.2305,0,-0.2682,0.4779,0,0,1,0,0,0,0
1147,1162,41184,41201,194,16,17,19202,68,124,1373,0,1,40,0.3074,0.2392,0.8824,0.0109,0.9375,1,1,2.2878,1.1761,1.2305,0.1177,-0.2267,0.4219,0,0,1,0,0,0,0
489,504,55547,55568,247,17,21,23671,43,129,1373,0,1,40,0.7123,0.2159,0.7143,0.0109,0.8824,1,1,2.3927,1.1761,1.3222,0.2857,-0.2513,0.5212,0,0,1,0,0,0,0
236,249,64701,64720,175,13,19,18625,61,126,1373,0,1,40,0.3438,0.2915,0.6842,0.0095,1,1,1,2.243,1.1139,1.2787,0.3158,-0.1685,0.4089,0,0,1,0,0,0,0
1314,1333,3149494,3149542,566,28,49,49867,70,103,1387,0,1,40,0.0779,0.3794,0.3958,0.0137,0.6786,0.9796,1,2.7528,1.2787,1.6812,0.6042,-0.3117,0.9831,0,0,1,0,0,0,0
1614,1638,676623,676657,655,33,35,49303,54,93,1687,1,0,80,0.0581,0.1973,0.7059,0.0142,0.7273,0.9714,1,2.8162,1.3802,1.5315,0.2941,-0.4119,0.9685,0,0,1,0,0,0,0
19,169,4197607,4215748,152655,10449,18152,11591414,0,156,1336,0,1,40,0.0284,0.9439,0.0083,0.1123,0.0144,0.9994,1,5.1837,2.1761,4.2587,0.9917,-0.4068,1,0,0,1,0,0,0,0
0,230,308503,308712,25323,1022,593,3037459,24,148,1400,0,1,40,0,0.4732,0.9087,0.1643,0.2251,0.3525,0,4.4035,2.3617,2.3201,-0.0913,-0.0629,1,0,0,1,0,0,0,0
3,223,333373,333576,21110,1138,597,2554885,21,148,1402,0,1,40,0.0043,0.5273,0.9227,0.1569,0.1933,0.34,0,4.3245,2.3424,2.3075,-0.0773,-0.0545,1,0,0,1,0,0,0,0
0,225,344016,344225,25473,992,578,3061597,23,148,1400,0,1,40,0,0.4583,0.9289,0.1607,0.2268,0.3616,0,4.4061,2.3522,2.3201,-0.0711,-0.061,1,0,0,1,0,0,0,0
0,436,407936,408170,24365,1084,680,2935414,22,143,1404,0,1,40,0,0.7612,0.5367,0.3105,0.4022,0.3441,0,4.3868,2.6395,2.3692,-0.4633,-0.0588,1,0,0,1,0,0,0,0
0,224,418600,418798,20894,1169,712,2529140,18,143,1398,0,1,40,0,0.5289,0.8839,0.1602,0.1916,0.2781,0,4.32,2.3503,2.2967,-0.1161,-0.0543,1,0,0,1,0,0,0,0
0,828,468317,468520,20726,1193,709,2499819,25,143,1402,0,1,40,0,0.8767,0.2452,0.5906,0.6941,0.2863,0,4.3165,2.918,2.3075,-0.7548,-0.0577,1,0,0,1,0,0,0,0
1,222,486069,486291,22554,999,605,2712104,27,150,1400,0,1,40,0.0014,0.5403,0.9955,0.1579,0.2212,0.3669,1,4.3532,2.3444,2.3463,0.0045,-0.0606,1,0,0,1,0,0,0,0
0,223,500276,500482,21987,1050,684,2638402,21,143,1398,0,1,40,0,0.5214,0.9238,0.1595,0.2124,0.3012,0,4.3422,2.3483,2.3139,-0.0762,-0.0625,1,0,0,1,0,0,0,0
0,384,510931,511150,21036,1015,586,2519511,24,143,1402,0,1,40,0,0.7499,0.5703,0.2739,0.3783,0.3737,0,4.323,2.5843,2.3404,-0.4297,-0.0643,1,0,0,1,0,0,0,0
41,218,553549,553733,16759,729,433,2020624,24,143,1402,0,1,40,0.0585,0.4854,0.962,0.1262,0.2428,0.4249,1,4.2242,2.248,2.2648,0.038,-0.058,1,0,0,1,0,0,0,0
41,222,564200,564395,17977,796,513,2144244,24,143,1402,0,1,40,0.0585,0.4907,0.9282,0.1291,0.2274,0.3801,1,4.2547,2.2577,2.29,0.0718,-0.0681,1,0,0,1,0,0,0,0
41,735,581949,582129,19629,788,534,2332320,22,143,1400,0,1,40,0.0586,0.8429,0.2594,0.4957,0.8807,0.3371,0,4.2929,2.8414,2.2553,-0.7406,-0.0717,1,0,0,1,0,0,0,0
41,222,592614,592819,17887,713,448,2156667,21,143,1400,0,1,40,0.0586,0.5179,0.8829,0.1293,0.2539,0.4576,1,4.2525,2.2577,2.3117,0.1171,-0.058,1,0,0,1,0,0,0,0
37,261,652969,653195,18517,1021,696,2230510,25,150,1398,0,1,40,0.0529,0.6342,0.9912,0.1602,0.2194,0.3247,1,4.2676,2.3503,2.3541,0.0088,-0.0589,1,0,0,1,0,0,0,0
41,220,663618,663832,17825,790,539,2155523,24,143,1400,0,1,40,0.0586,0.5347,0.8364,0.1279,0.2266,0.397,1,4.251,2.2529,2.3304,0.1636,-0.0553,1,0,0,1,0,0,0,0
41,456,674290,674482,16686,842,562,2013557,19,150,1402,0,1,40,0.0585,0.7906,0.4627,0.296,0.4929,0.3416,0,4.2224,2.6181,2.2833,-0.5373,-0.0572,1,0,0,1,0,0,0,0
39,734,684933,685134,16521,926,591,1992604,21,149,1400,0,1,40,0.0557,0.8817,0.2892,0.4964,0.7505,0.3401,0,4.218,2.842,2.3032,-0.7108,-0.0577,1,0,0,1,0,0,0,0
41,226,695578,695788,17706,802,537,2147442,24,148,1404,0,1,40,0.0584,0.5443,0.8809,0.1318,0.2307,0.3911,1,4.2481,2.2672,2.3222,0.1191,-0.0525,1,0,0,1,0,0,0,0
39,226,702679,702873,18071,814,534,2160349,27,148,1400,0,1,40,0.0557,0.5019,0.9639,0.1336,0.2297,0.3633,1,4.257,2.2718,2.2878,0.0361,-0.066,1,0,0,1,0,0,0,0
41,216,713328,713531,18908,853,535,2264960,24,143,1402,0,1,40,0.0585,0.4678,0.8621,0.1248,0.2052,0.3794,1,4.2766,2.243,2.3075,0.1379,-0.0641,1,0,0,1,0,0,0,0
43,230,830512,830692,18896,768,507,2225392,22,142,1404,0,1,40,0.0613,0.4386,0.9626,0.1332,0.2435,0.355,0,4.2764,2.2718,2.2553,-0.0374,-0.0799,1,0,0,1,0,0,0,0
41,232,844714,844903,20313,755,497,2400588,23,141,1400,0,1,40,0.0586,0.4373,0.9895,0.1364,0.253,0.3803,0,4.3078,2.281,2.2765,-0.0105,-0.0767,1,0,0,1,0,0,0,0
39,222,855369,855569,18203,696,480,2155986,25,143,1398,0,1,40,0.0558,0.5027,0.915,0.1309,0.2629,0.4167,1,4.2601,2.2624,2.301,0.085,-0.0747,1,0,0,1,0,0,0,0
39,212,862475,862693,17357,794,495,2034432,27,142,1400,0,1,40,0.0557,0.5398,0.7936,0.1236,0.2179,0.4404,1,4.2395,2.238,2.3385,0.2064,-0.0843,1,0,0,1,0,0,0,0
39,226,876673,876871,18954,749,482,2236201,25,143,1400,0,1,40,0.0557,0.4881,0.9444,0.1336,0.2497,0.4108,1,4.2777,2.2718,2.2967,0.0556,-0.0783,1,0,0,1,0,0,0,0
41,218,897989,898132,14949,720,469,1734628,27,142,1400,0,1,40,0.0586,0.4094,0.8079,0.1264,0.2458,0.3049,0,4.1746,2.248,2.1553,-0.1921,-0.0935,1,0,0,1,0,0,0,0
39,907,908650,908829,16469,929,568,1939163,27,143,1398,0,1,40,0.0558,0.894,0.2062,0.6209,0.9343,0.3151,0,4.2167,2.9385,2.2529,-0.7938,-0.0801,1,0,0,1,0,0,0,0
39,225,919301,919496,17810,763,456,2094532,25,142,1398,0,1,40,0.0558,0.509,0.9538,0.133,0.2438,0.4276,1,4.2507,2.2695,2.29,0.0461,-0.0812,1,0,0,1,0,0,0,0
39,58,933630,933641,100,30,16,12817,123,140,1398,0,1,40,0.0558,0.5215,0.5789,0.0136,0.6333,0.6875,0,2,1.2787,1.0414,-0.4211,0.0013,0.3494,0,0,1,0,0,0,0
142,167,947849,947878,354,67,47,44478,120,134,1400,0,1,40,0.2029,0.5117,0.8621,0.0179,0.3731,0.617,1,2.549,1.3979,1.4624,0.1379,-0.0184,0.9437,0,0,1,0,0,0,0
39,218,965451,965599,16821,670,425,1972773,29,141,1398,0,1,40,0.0558,0.365,0.8268,0.128,0.2672,0.3482,0,4.2259,2.2529,2.1703,-0.1732,-0.0838,1,0,0,1,0,0,0,0
39,218,979651,979800,15937,745,463,1847157,31,141,1398,0,1,40,0.0558,0.4025,0.8324,0.128,0.2403,0.3218,0,4.2024,2.2529,2.1732,-0.1676,-0.0945,1,0,0,1,0,0,0,0
41,222,990300,990473,15896,756,469,1847464,22,143,1400,0,1,40,0.0586,0.4924,0.9558,0.1293,0.2394,0.3689,0,4.2013,2.2577,2.238,-0.0442,-0.092,1,0,0,1,0,0,0,0
41,58,997542,997556,128,38,27,16028,120,134,1400,0,1,40,0.0586,0.4622,0.8235,0.0121,0.4474,0.5185,0,2.1072,1.2305,1.1461,-0.1765,-0.0217,0.3945,0,0,1,0,0,0,0
41,222,1018714,1018885,16220,780,453,1877827,19,141,1400,0,1,40,0.0586,0.476,0.9448,0.1293,0.2321,0.3775,0,4.2101,2.2577,2.233,-0.0553,-0.0955,1,0,0,1,0,0,0,0
35,210,1029360,1029531,14963,779,468,1720418,22,141,1398,0,1,40,0.0501,0.5,0.9771,0.1252,0.2246,0.3654,0,4.175,2.243,2.233,-0.0229,-0.1017,1,0,0,1,0,0,0,0
41,217,1040020,1040199,15050,867,541,1751637,21,141,1400,0,1,40,0.0586,0.5223,0.9832,0.1257,0.203,0.3309,1,4.1775,2.2455,2.2529,0.0168,-0.0907,1,0,0,1,0,0,0,0
39,214,1050670,1050830,13033,731,420,1508093,29,141,1398,0,1,40,0.0558,0.5345,0.9143,0.1252,0.2394,0.381,0,4.115,2.243,2.2041,-0.0857,-0.096,1,0,0,1,0,0,0,0
41,215,1150090,1150255,16968,670,399,1976551,26,143,1400,0,1,40,0.0586,0.409,0.9483,0.1243,0.2597,0.4135,0,4.2296,2.2406,2.2175,-0.0517,-0.09,1,0,0,1,0,0,0,0
41,215,1157189,1157378,16584,821,498,1936241,25,143,1398,0,1,40,0.0587,0.4957,0.9206,0.1245,0.2119,0.3795,1,4.2197,2.2406,2.2765,0.0794,-0.0879,1,0,0,1,0,0,0,0
43,214,1164302,1164475,14969,805,503,1758655,27,142,1400,0,1,40,0.0614,0.494,0.9884,0.1221,0.2124,0.3439,1,4.1752,2.233,2.238,0.0116,-0.0821,1,0,0,1,0,0,0,0
39,214,1174946,1175131,13601,805,503,1579135,25,141,1400,0,1,40,0.0557,0.5799,0.9459,0.125,0.2174,0.3678,1,4.1336,2.243,2.2672,0.054,-0.0929,1,0,0,1,0,0,0,0
39,212,1185602,1185752,13387,763,425,1546189,29,141,1398,0,1,40,0.0558,0.4841,0.867,0.1238,0.2267,0.3529,0,4.1267,2.238,2.1761,-0.1329,-0.0977,1,0,0,1,0,0,0,0
41,218,1196243,1196445,16164,861,522,1868220,23,141,1400,0,1,40,0.0586,0.5479,0.8762,0.1264,0.2056,0.387,1,4.2085,2.248,2.3054,0.1238,-0.097,1,0,0,1,0,0,0,0
39,74,1206989,1207040,935,143,98,117325,119,135,1398,0,1,40,0.0558,0.4762,0.6863,0.025,0.2448,0.5204,1,2.9708,1.5441,1.7076,0.3137,-0.0197,0.9999,0,0,1,0,0,0,0
41,219,1221106,1221276,15601,865,517,1835252,23,143,1400,0,1,40,0.0586,0.4844,0.9551,0.1271,0.2058,0.3288,0,4.1932,2.2504,2.2304,-0.0449,-0.081,1,0,0,1,0,0,0,0
41,221,1228221,1228359,11348,595,357,1302540,27,143,1400,0,1,40,0.0586,0.5432,0.7667,0.1286,0.3025,0.3866,0,4.0549,2.2553,2.1399,-0.2333,-0.1033,1,0,0,1,0,0,0,0
39,214,1242405,1242592,15414,796,478,1798470,24,142,1400,0,1,40,0.0557,0.529,0.9358,0.125,0.2199,0.3912,1,4.1879,2.243,2.2718,0.0642,-0.0885,1,0,0,1,0,0,0,0
43,215,1253069,1253240,13975,795,441,1630309,29,140,1400,0,1,40,0.0614,0.5249,0.9942,0.1229,0.2164,0.3878,0,4.1453,2.2355,2.233,-0.0058,-0.0886,1,0,0,1,0,0,0,0
39,440,1263724,1263888,11388,735,415,1315891,29,141,1398,0,1,40,0.0558,0.8268,0.409,0.2868,0.5456,0.3952,0,4.0564,2.6031,2.2148,-0.591,-0.0973,1,0,0,1,0,0,0,0
39,214,1277926,1278089,13553,708,424,1567858,30,141,1400,0,1,40,0.0557,0.5249,0.9314,0.125,0.2472,0.3844,0,4.132,2.243,2.2122,-0.0686,-0.0962,1,0,0,1,0,0,0,0
37,218,1285016,1285196,15704,976,557,1814409,25,142,1396,0,1,40,0.053,0.518,0.9945,0.1297,0.1855,0.3232,0,4.196,2.2577,2.2553,-0.0055,-0.0974,1,0,0,1,0,0,0,0
39,211,1292132,1292303,12012,607,362,1381722,30,141,1398,0,1,40,0.0558,0.5916,0.9942,0.123,0.2834,0.4724,0,4.0796,2.2355,2.233,-0.0058,-0.1013,1,0,0,1,0,0,0,0
39,212,1299230,1299402,11875,657,387,1375431,32,143,1398,0,1,40,0.0558,0.6009,0.9942,0.1238,0.2633,0.4444,0,4.0746,2.238,2.2355,-0.0058,-0.0951,1,0,0,1,0,0,0,0
41,212,1309877,1310041,11271,664,396,1297285,27,141,1402,0,1,40,0.0585,0.5981,0.9591,0.122,0.2575,0.4141,0,4.052,2.233,2.2148,-0.0409,-0.1008,1,0,0,1,0,0,0,0
41,227,1316989,1317154,12212,617,372,1398637,27,141,1402,0,1,40,0.0585,0.6021,0.8871,0.1327,0.3015,0.4435,0,4.0868,2.2695,2.2175,-0.1129,-0.1052,1,0,0,1,0,0,0,0
39,68,1327718,1327750,539,94,63,68416,119,135,1402,0,1,40,0.0556,0.4192,0.9063,0.0207,0.3085,0.5079,1,2.7316,1.4624,1.5051,0.0938,-0.0083,0.9848,0,0,1,0,0,0,0
39,72,1338367,1338402,677,114,79,86417,120,140,1400,0,1,40,0.0557,0.4139,0.9429,0.0236,0.2895,0.443,1,2.8306,1.5185,1.5441,0.0571,-0.0028,0.9966,0,0,1,0,0,0,0
39,217,1359602,1359742,10276,552,319,1187807,25,141,1400,0,1,40,0.0557,0.5876,0.7865,0.1271,0.3225,0.4389,0,4.0118,2.2504,2.1461,-0.2135,-0.097,1,0,0,1,0,0,0,0
41,224,1370247,1370411,11535,758,419,1327403,23,141,1400,0,1,40,0.0586,0.6156,0.8962,0.1307,0.2414,0.3914,0,4.062,2.2624,2.2148,-0.1038,-0.101,1,0,0,1,0,0,0,0
39,66,1384526,1384579,794,131,91,101435,119,140,1402,0,1,40,0.0556,0.4451,0.5094,0.0193,0.2061,0.5824,1,2.8998,1.4314,1.7243,0.4906,-0.0019,0.9995,0,0,1,0,0,0,0
39,211,1391555,1391715,11492,650,443,1339579,26,143,1402,0,1,40,0.0556,0.5824,0.9302,0.1227,0.2646,0.3612,0,4.0604,2.2355,2.2041,-0.0698,-0.0893,1,0,0,1,0,0,0,0
39,208,1402211,1402348,10904,617,334,1261668,28,141,1402,0,1,40,0.0556,0.529,0.8106,0.1205,0.2739,0.4102,0,4.0376,2.2279,2.1367,-0.1893,-0.096,1,0,0,1,0,0,0,0
37,199,1430612,1430780,14069,675,452,1642086,26,141,1400,0,1,40,0.0529,0.4831,0.9643,0.1157,0.24,0.3717,1,4.1483,2.2095,2.2253,0.0357,-0.0882,1,0,0,1,0,0,0,0
39,191,1437715,1437882,12388,631,374,1431766,29,143,1400,0,1,40,0.0557,0.512,0.9102,0.1086,0.2409,0.4465,1,4.093,2.1818,2.2227,0.0898,-0.0971,1,0,0,1,0,0,0,0
43,194,1448373,1448535,12108,614,359,1402972,34,141,1402,0,1,40,0.0613,0.505,0.9321,0.1077,0.2459,0.4512,1,4.0831,2.179,2.2095,0.0679,-0.0948,1,0,0,1,0,0,0,0
39,192,1469673,1469845,13946,589,406,1635177,33,142,1402,0,1,40,0.0556,0.4701,0.8895,0.1091,0.2598,0.4236,1,4.1445,2.1847,2.2355,0.1105,-0.084,1,0,0,1,0,0,0,0
39,187,1480323,1480475,13309,500,310,1550152,31,143,1402,0,1,40,0.0556,0.4084,0.9737,0.1056,0.296,0.4903,1,4.1241,2.1703,2.1818,0.0263,-0.09,1,0,0,1,0,0,0,0
41,196,1494534,1494716,12729,634,404,1482862,29,143,1400,0,1,40,0.0586,0.5488,0.8516,0.1107,0.2445,0.4505,1,4.1048,2.1903,2.2601,0.1484,-0.0899,1,0,0,1,0,0,0,0
41,197,1512277,1512467,14309,793,469,1661835,31,141,1402,0,1,40,0.0585,0.5172,0.821,0.1113,0.1967,0.4051,1,4.1556,2.1931,2.2787,0.1789,-0.0927,1,0,0,1,0,0,0,0
39,191,1530040,1530225,14346,694,424,1691554,29,143,1400,0,1,40,0.0557,0.4898,0.8216,0.1086,0.219,0.4363,1,4.1567,2.1818,2.2672,0.1784,-0.0788,1,0,0,1,0,0,0,0
41,191,1540695,1540855,12260,660,378,1424210,33,141,1402,0,1,40,0.0585,0.4892,0.9375,0.107,0.2273,0.4233,1,4.0885,2.1761,2.2041,0.0625,-0.0924,1,0,0,1,0,0,0,0
39,192,1554895,1555056,13185,572,370,1529932,30,141,1400,0,1,40,0.0557,0.4647,0.9503,0.1093,0.2675,0.4351,1,4.1201,2.1847,2.2068,0.0497,-0.0935,1,0,0,1,0,0,0,0
39,191,1565555,1565703,13114,618,381,1507625,33,141,1400,0,1,40,0.0557,0.4171,0.9737,0.1086,0.2459,0.3884,0,4.1177,2.1818,2.1703,-0.0263,-0.1019,1,0,0,1,0,0,0,0
39,200,1576208,1576347,10796,572,363,1245388,38,141,1402,0,1,40,0.0556,0.5176,0.8633,0.1148,0.2815,0.3829,0,4.0333,2.2068,2.143,-0.1366,-0.0988,1,0,0,1,0,0,0,0
39,192,1586862,1587011,11505,577,349,1320194,27,142,1402,0,1,40,0.0556,0.4953,0.9739,0.1091,0.2652,0.4269,0,4.0609,2.1847,2.1732,-0.0261,-0.1035,1,0,0,1,0,0,0,0
39,188,1597511,1597679,13612,579,357,1577022,30,141,1400,0,1,40,0.0557,0.4562,0.8869,0.1064,0.2573,0.4706,1,4.1339,2.1732,2.2253,0.1131,-0.0949,1,0,0,1,0,0,0,0
41,191,1611713,1611861,12477,560,331,1442027,36,141,1400,0,1,40,0.0586,0.438,0.9867,0.1071,0.2679,0.4471,0,4.0961,2.1761,2.1703,-0.0133,-0.0971,1,0,0,1,0,0,0,0
43,193,1625918,1626076,12718,596,348,1459713,31,140,1402,0,1,40,0.0613,0.4634,0.9494,0.107,0.2517,0.454,1,4.1044,2.1761,2.1987,0.0506,-0.1033,1,0,0,1,0,0,0,0
43,195,1636571,1636729,13057,562,361,1507763,32,140,1404,0,1,40,0.0613,0.4563,0.962,0.1083,0.2705,0.4377,1,4.1158,2.1818,2.1987,0.038,-0.0979,1,0,0,1,0,0,0,0
41,192,1647218,1647385,13699,587,352,1585785,37,141,1402,0,1,40,0.0585,0.4568,0.9042,0.1077,0.2572,0.4744,1,4.1367,2.179,2.2227,0.0958,-0.0956,1,0,0,1,0,0,0,0
39,191,1661425,1661593,12509,622,374,1456542,27,141,1400,0,1,40,0.0557,0.5101,0.9048,0.1086,0.2444,0.4492,1,4.0972,2.1818,2.2253,0.0952,-0.0903,1,0,0,1,0,0,0,0
41,192,1672082,1672228,11089,593,354,1270726,31,143,1402,0,1,40,0.0585,0.497,0.9669,0.1077,0.2546,0.4124,0,4.0449,2.179,2.1644,-0.0331,-0.1047,1,0,0,1,0,0,0,0
41,192,1682722,1682891,11711,538,348,1308444,30,135,1402,0,1,40,0.0585,0.5411,0.8935,0.1077,0.2807,0.4856,1,4.0686,2.179,2.2279,0.1065,-0.1271,1,0,0,1,0,0,0,0
41,187,1700480,1700639,13041,616,365,1508999,37,141,1400,0,1,40,0.0586,0.4382,0.9182,0.1043,0.237,0.4356,1,4.1153,2.1644,2.2014,0.0818,-0.096,1,0,0,1,0,0,0,0
41,194,1711137,1711281,10913,634,359,1248379,25,141,1402,0,1,40,0.0585,0.5047,0.9412,0.1091,0.2413,0.4011,0,4.0379,2.1847,2.1584,-0.0588,-0.1063,1,0,0,1,0,0,0,0
41,206,1721788,1721968,12051,631,390,1383987,33,140,1402,0,1,40,0.0585,0.5942,0.9167,0.1177,0.2615,0.4615,1,4.081,2.2175,2.2553,0.0833,-0.1028,1,0,0,1,0,0,0,0
39,190,1735985,1736165,11355,639,388,1299720,31,141,1402,0,1,40,0.0556,0.5822,0.8389,0.1077,0.2363,0.4639,1,4.0552,2.179,2.2553,0.1611,-0.1058,1,0,0,1,0,0,0,0
41,190,1799909,1800071,11388,705,420,1311391,36,140,1402,0,1,40,0.0585,0.5282,0.9197,0.1063,0.2113,0.3857,1,4.0564,2.1732,2.2095,0.0803,-0.1003,1,0,0,1,0,0,0,0
39,195,1810559,1810727,11813,591,367,1361903,27,141,1400,0,1,40,0.0557,0.5493,0.9286,0.1114,0.264,0.4578,1,4.0724,2.1931,2.2253,0.0714,-0.0993,1,0,0,1,0,0,0,0
39,194,1821207,1821379,13203,608,375,1515722,35,141,1402,0,1,40,0.0556,0.5048,0.9012,0.1106,0.2549,0.4587,1,4.1207,2.1903,2.2355,0.0988,-0.1031,1,0,0,1,0,0,0,0
39,192,1831860,1832017,11809,621,400,1367596,36,141,1400,0,1,40,0.0557,0.5084,0.9745,0.1093,0.2464,0.3925,1,4.0722,2.1847,2.1959,0.0255,-0.0952,1,0,0,1,0,0,0,0
39,192,1842518,1842677,11211,639,387,1293558,35,141,1402,0,1,40,0.0556,0.5391,0.9623,0.1091,0.2394,0.4108,1,4.0496,2.1847,2.2014,0.0377,-0.0986,1,0,0,1,0,0,0,0
41,189,1853169,1853339,10880,649,409,1245114,33,141,1400,0,1,40,0.0586,0.5676,0.8706,0.1057,0.228,0.4157,1,4.0366,2.1703,2.2304,0.1294,-0.1059,1,0,0,1,0,0,0,0
39,195,1863816,1864008,13037,623,387,1505833,35,143,1402,0,1,40,0.0556,0.5647,0.8125,0.1113,0.2504,0.4961,1,4.1152,2.1931,2.2833,0.1875,-0.0976,1,0,0,1,0,0,0,0
37,194,1881566,1881746,12489,700,462,1439221,31,141,1402,0,1,40,0.0528,0.5581,0.8722,0.112,0.2243,0.3896,1,4.0965,2.1959,2.2553,0.1278,-0.0997,1,0,0,1,0,0,0,0
41,190,1892225,1892384,12515,626,397,1452456,37,141,1400,0,1,40,0.0586,0.4717,0.9371,0.1064,0.238,0.4005,1,4.0974,2.1732,2.2014,0.0629,-0.0933,1,0,0,1,0,0,0,0
39,193,1902883,1903031,11510,699,429,1330937,40,141,1402,0,1,40,0.0556,0.495,0.961,0.1098,0.2203,0.345,0,4.0611,2.1875,2.1703,-0.039,-0.0966,1,0,0,1,0,0,0,0
39,197,1913522,1913670,12834,570,356,1487763,37,141,1400,0,1,40,0.0557,0.4512,0.9367,0.1129,0.2772,0.4157,0,4.1084,2.1987,2.1703,-0.0633,-0.0944,1,0,0,1,0,0,0,0
41,393,1924169,1924363,10429,578,382,1196792,33,141,1402,0,1,40,0.0585,0.8473,0.5511,0.2511,0.609,0.5078,0,4.0182,2.5465,2.2878,-0.4489,-0.1035,1,0,0,1,0,0,0,0
41,185,1934838,1934989,9576,564,343,1098162,37,141,1402,0,1,40,0.0585,0.5596,0.9536,0.1027,0.2553,0.4402,1,3.9812,2.1584,2.179,0.0464,-0.1041,1,0,0,1,0,0,0,0
41,193,1945494,1945637,10743,652,418,1239926,38,142,1402,0,1,40,0.0585,0.5058,0.9408,0.1084,0.2331,0.3421,0,4.0311,2.1818,2.1553,-0.0592,-0.0983,1,0,0,1,0,0,0,0
41,197,1959683,1959850,11411,801,433,1303229,40,141,1400,0,1,40,0.0586,0.562,0.9341,0.1114,0.1948,0.3857,1,4.0573,2.1931,2.2227,0.0659,-0.1077,1,0,0,1,0,0,0,0
41,193,1970337,1970509,10941,685,407,1246740,40,140,1402,0,1,40,0.0585,0.5815,0.8837,0.1084,0.2219,0.4226,1,4.0391,2.1818,2.2355,0.1163,-0.1098,1,0,0,1,0,0,0,0
39,197,2098167,2098332,10821,754,454,1238454,36,140,1400,0,1,40,0.0557,0.5849,0.9576,0.1129,0.2095,0.3634,1,4.0343,2.1987,2.2175,0.0424,-0.1059,1,0,0,1,0,0,0,0
41,187,2112377,2112542,9349,659,387,1068391,38,140,1402,0,1,40,0.0585,0.6119,0.8849,0.1041,0.2216,0.4264,1,3.9708,2.1644,2.2175,0.1151,-0.1072,1,0,0,1,0,0,0,0
41,205,2133677,2133849,11542,757,441,1338028,42,140,1402,0,1,40,0.0585,0.5908,0.9535,0.117,0.2166,0.39,1,4.0623,2.2148,2.2355,0.0465,-0.0943,1,0,0,1,0,0,0,0
41,188,2194041,2194206,9927,625,418,1133850,39,140,1402,0,1,40,0.0585,0.5907,0.8909,0.1049,0.2352,0.3947,1,3.9968,2.1673,2.2175,0.1091,-0.1077,1,0,0,1,0,0,0,0
39,194,2204696,2204771,5519,319,173,582040,34,135,1402,0,1,40,0.0556,0.5253,0.4839,0.1106,0.4859,0.4335,0,3.7419,2.1903,1.8751,-0.5161,-0.1761,1,0,0,1,0,0,0,0
41,189,2215354,2215404,4881,239,110,513464,40,127,1404,0,1,40,0.0584,0.3404,0.3378,0.1054,0.6192,0.4545,0,3.6885,2.1703,1.699,-0.6622,-0.1781,1,0,0,1,0,0,0,0
39,186,2229552,2229707,9484,655,382,1083941,41,141,1400,0,1,40,0.0557,0.5838,0.9484,0.105,0.2244,0.4058,1,3.977,2.1673,2.1903,0.0516,-0.1071,1,0,0,1,0,0,0,0
39,195,2240199,2240365,10986,755,444,1273434,44,142,1404,0,1,40,0.0556,0.5758,0.9398,0.1111,0.2066,0.3739,1,4.0408,2.1931,2.2201,0.0602,-0.0944,1,0,0,1,0,0,0,0
41,190,2254407,2254463,4995,232,124,527906,39,127,1402,0,1,40,0.0585,0.4014,0.3758,0.1063,0.6422,0.4516,0,3.6985,2.1732,1.7482,-0.6242,-0.1743,1,0,0,1,0,0,0,0
39,194,2265059,2265115,5702,214,118,601643,47,127,1402,0,1,40,0.0556,0.3431,0.3613,0.1106,0.7243,0.4746,0,3.756,2.1903,1.7482,-0.6387,-0.1757,1,0,0,1,0,0,0,0
41,196,2289914,2290079,9518,743,453,1084425,41,141,1402,0,1,40,0.0585,0.6278,0.9394,0.1106,0.2086,0.3642,1,3.9785,2.1903,2.2175,0.0606,-0.1099,1,0,0,1,0,0,0,0
39,191,2300567,2300643,5957,289,166,637883,48,135,1404,0,1,40,0.0556,0.4843,0.5,0.1083,0.526,0.4578,0,3.775,2.1818,1.8808,-0.5,-0.1634,1,0,0,1,0,0,0,0
39,186,2311225,2311296,5617,268,152,598575,42,135,1404,0,1,40,0.0556,0.4618,0.483,0.1047,0.5485,0.4671,0,3.7495,2.1673,1.8513,-0.517,-0.1675,1,0,0,1,0,0,0,0
39,187,2321871,2322028,9582,611,384,1095577,39,140,1404,0,1,40,0.0556,0.5876,0.9427,0.1054,0.2422,0.4089,1,3.9815,2.1703,2.1959,0.0573,-0.1067,1,0,0,1,0,0,0,0
41,194,2339627,2339797,9183,602,355,1059263,40,141,1404,0,1,40,0.0584,0.6469,0.9,0.109,0.2542,0.4789,1,3.963,2.1847,2.2304,0.1,-0.0988,1,0,0,1,0,0,0,0
39,195,2357383,2357532,8726,653,398,1001426,41,141,1402,0,1,40,0.0556,0.6246,0.9551,0.1113,0.2389,0.3744,0,3.9408,2.1931,2.1732,-0.0449,-0.1034,1,0,0,1,0,0,0,0
43,193,2368032,2368203,9892,682,424,1130960,42,140,1402,0,1,40,0.0613,0.6144,0.8772,0.107,0.2199,0.4033,1,3.9953,2.1761,2.233,0.1228,-0.1068,1,0,0,1,0,0,0,0
39,191,2399992,2400148,8457,636,383,971036,38,141,1400,0,1,40,0.0557,0.6434,0.9744,0.1086,0.239,0.4073,1,3.9272,2.1818,2.1931,0.0256,-0.103,1,0,0,1,0,0,0,0
93,171,2410724,2410794,2027,255,129,259127,118,141,1402,0,1,40,0.1327,0.6288,0.8974,0.0556,0.3059,0.5426,0,3.3068,1.8921,1.8451,-0.1026,-0.0013,1,0,0,1,0,0,0,0
41,199,2421293,2421350,5593,239,133,593650,42,127,1402,0,1,40,0.0585,0.379,0.3608,0.1127,0.6611,0.4286,0,3.7476,2.1987,1.7559,-0.6392,-0.1708,1,0,0,1,0,0,0,0
39,195,2431945,2432111,8709,578,322,996980,47,141,1402,0,1,40,0.0556,0.6637,0.9398,0.1113,0.2699,0.5155,1,3.94,2.1931,2.2201,0.0602,-0.1057,1,0,0,1,0,0,0,0
39,185,2442600,2442673,5576,235,133,598862,43,135,1400,0,1,40,0.0557,0.4768,0.5,0.1043,0.6213,0.5489,0,3.7463,2.1644,1.8633,-0.5,-0.1609,1,0,0,1,0,0,0,0
41,185,2460355,2460408,5357,181,90,764,123,134,1402,0,1,40,0.0585,0.2981,0.3681,0.1027,0.7956,0.5889,0,3.7289,2.1584,1.7243,-0.6319,-0.9989,1,0,0,1,0,0,0,0
41,181,2542022,2542072,4635,226,128,491662,38,127,1400,0,1,40,0.0586,0.3379,0.3571,0.1,0.6195,0.3906,0,3.666,2.1461,1.699,-0.6429,-0.1713,1,0,0,1,0,0,0,0
39,180,2552670,2552812,8957,588,360,1025103,35,141,1400,0,1,40,0.0557,0.5526,0.993,0.1007,0.2398,0.3944,1,3.9522,2.1492,2.1523,0.007,-0.1059,1,0,0,1,0,0,0,0
39,181,2563319,2563376,5261,190,107,553974,46,127,1400,0,1,40,0.0557,0.35,0.4014,0.1014,0.7474,0.5327,0,3.7211,2.1523,1.7559,-0.5986,-0.1774,1,0,0,1,0,0,0,0
39,179,2573973,2574054,5731,325,186,618954,41,135,1400,0,1,40,0.0557,0.4946,0.5786,0.1,0.4308,0.4355,0,3.7582,2.1461,1.9085,-0.4214,-0.1562,1,0,0,1,0,0,0,0
89,151,2584705,2584775,1909,175,125,245067,120,140,1400,0,1,40,0.1271,0.5601,0.8857,0.0443,0.3543,0.56,1,3.2808,1.7924,1.8451,0.1143,0.0029,1,0,0,1,0,0,0,0
75,154,2595328,2595429,2791,332,207,353617,114,140,1400,0,1,40,0.1071,0.6502,0.7822,0.0564,0.2379,0.4879,1,3.4458,1.8976,2.0043,0.2178,-0.0102,1,0,0,1,0,0,0,0
39,175,2605918,2606006,6381,280,166,678752,41,135,1400,0,1,40,0.0557,0.4668,0.6471,0.0971,0.4857,0.5301,0,3.8049,2.1335,1.9445,-0.3529,-0.169,1,0,0,1,0,0,0,0
39,173,2616577,2616725,8344,558,338,945879,52,141,1400,0,1,40,0.0557,0.5793,0.9054,0.0957,0.2401,0.4379,1,3.9214,2.1271,2.1703,0.0946,-0.1144,1,0,0,1,0,0,0,0
39,178,2627229,2627391,7998,558,343,889727,49,140,1400,0,1,40,0.0557,0.6448,0.858,0.0993,0.2491,0.4723,1,3.903,2.143,2.2095,0.142,-0.1309,1,0,0,1,0,0,0,0
39,177,2641432,2641500,5480,230,119,588758,53,135,1400,0,1,40,0.0557,0.416,0.4927,0.0986,0.6,0.5714,0,3.7388,2.1399,1.8325,-0.5073,-0.1606,1,0,0,1,0,0,0,0
39,187,2662727,2662812,6397,381,216,701931,55,141,1400,0,1,40,0.0557,0.4915,0.5743,0.1057,0.3884,0.3935,0,3.806,2.1703,1.9294,-0.4257,-0.1427,1,0,0,1,0,0,0,0
39,192,29559,29611,4915,248,153,497404,33,124,1358,0,1,40,0.0574,0.3822,0.3399,0.1127,0.6169,0.3399,0,3.6915,2.1847,1.716,-0.6601,-0.2094,1,0,0,1,0,0,0,0
39,189,47299,47376,5757,240,136,600689,38,133,1358,0,1,40,0.0574,0.5016,0.5133,0.1105,0.625,0.5662,0,3.7602,2.1761,1.8865,-0.4867,-0.1848,1,0,0,1,0,0,0,0
39,182,65059,65121,4471,248,116,470165,39,135,1360,0,1,40,0.0573,0.4957,0.4336,0.1051,0.5766,0.5345,0,3.6504,2.1553,1.7924,-0.5664,-0.1785,1,0,0,1,0,0,0,0
126,165,75758,75777,384,70,42,47481,115,135,1358,0,1,40,0.1856,0.4818,0.4872,0.0287,0.5571,0.4524,0,2.5843,1.5911,1.2787,-0.5128,-0.034,0.9491,0,0,1,0,0,0,0
129,157,86408,86427,276,39,26,33858,115,135,1362,0,1,40,0.1894,0.4812,0.6786,0.0206,0.7179,0.7308,0,2.4409,1.4472,1.2787,-0.3214,-0.0416,0.8223,0,0,1,0,0,0,0
46,178,104115,104164,4115,179,108,427024,48,127,1360,0,1,40,0.0676,0.3638,0.3712,0.0971,0.7374,0.4537,0,3.6144,2.1206,1.6902,-0.6288,-0.1893,1,0,0,1,0,0,0,0
43,184,114768,114815,3918,172,88,408392,39,127,1362,0,1,40,0.0631,0.4088,0.3333,0.1035,0.8198,0.5341,0,3.5931,2.1492,1.6721,-0.6667,-0.1857,1,0,0,1,0,0,0,0
39,181,125418,125467,4223,198,83,439309,38,127,1360,0,1,40,0.0573,0.3931,0.3451,0.1044,0.7172,0.5904,0,3.6256,2.1523,1.6902,-0.6549,-0.1873,1,0,0,1,0,0,0,0
43,186,143167,143219,4403,215,115,457632,38,126,1360,0,1,40,0.0632,0.4079,0.3636,0.1051,0.6651,0.4522,0,3.6437,2.1553,1.716,-0.6364,-0.188,1,0,0,1,0,0,0,0
103,161,157419,157529,2463,262,168,312375,116,140,1360,0,1,40,0.1515,0.614,0.5273,0.0426,0.2214,0.6548,1,3.3915,1.7634,2.0414,0.4727,-0.0092,1,0,0,1,0,0,0,0
50,181,168027,168086,3912,226,105,407966,29,135,1362,0,1,40,0.0734,0.4938,0.4504,0.0962,0.5796,0.5619,0,3.5924,2.1173,1.7708,-0.5496,-0.1853,1,0,0,1,0,0,0,0
134,156,178723,178731,101,31,21,12531,118,135,1362,0,1,40,0.1968,0.4261,0.3636,0.0161,0.7097,0.381,0,2.0043,1.3424,0.9031,-0.6364,-0.0307,0.3012,0,0,1,0,0,0,0
46,178,189330,189384,4130,197,98,432500,37,132,1360,0,1,40,0.0676,0.4206,0.4091,0.0971,0.6701,0.551,0,3.616,2.1206,1.7324,-0.5909,-0.1819,1,0,0,1,0,0,0,0
41,183,199980,200030,4214,210,116,445047,42,126,1360,0,1,40,0.0603,0.4065,0.3521,0.1044,0.6762,0.431,0,3.6247,2.1523,1.699,-0.6479,-0.1749,1,0,0,1,0,0,0,0
37,181,210633,210681,4487,219,106,470618,40,127,1360,0,1,40,0.0544,0.3508,0.3333,0.1059,0.6575,0.4528,0,3.652,2.1584,1.6812,-0.6667,-0.1806,1,0,0,1,0,0,0,0
60,181,239041,239088,3324,157,85,343029,42,125,1360,0,1,40,0.0882,0.4155,0.3884,0.089,0.7707,0.5529,0,3.5217,2.0828,1.6721,-0.6116,-0.1938,1,0,0,1,0,0,0,0
51,175,249693,249742,3631,179,96,378154,45,125,1362,0,1,40,0.0749,0.4024,0.3952,0.091,0.6927,0.5104,0,3.56,2.0934,1.6902,-0.6048,-0.1864,1,0,0,1,0,0,0,0
48,174,260349,260396,3661,184,87,380538,43,127,1358,0,1,40,0.0707,0.3818,0.373,0.0928,0.6848,0.5402,0,3.5636,2.1004,1.6721,-0.627,-0.1879,1,0,0,1,0,0,0,0
47,182,270999,271050,3786,196,102,391378,40,126,1362,0,1,40,0.069,0.4501,0.3778,0.0991,0.6888,0.5,0,3.5782,2.1303,1.7076,-0.6222,-0.1924,1,0,0,1,0,0,0,0
52,174,281656,281703,3703,187,94,384266,37,126,1362,0,1,40,0.0764,0.3542,0.3853,0.0896,0.6524,0.5,0,3.5686,2.0864,1.6721,-0.6148,-0.1893,1,0,0,1,0,0,0,0
41,184,299413,299460,3936,182,93,407075,38,124,1362,0,1,40,0.0602,0.4144,0.3287,0.105,0.7857,0.5054,0,3.5951,2.1553,1.6721,-0.6713,-0.192,1,0,0,1,0,0,0,0
56,173,310065,310112,3287,163,87,342248,50,125,1362,0,1,40,0.0822,0.4022,0.4017,0.0859,0.7178,0.5402,0,3.5168,2.0682,1.6721,-0.5983,-0.1866,1,0,0,1,0,0,0,0
51,172,320720,320767,3671,175,89,379850,46,124,1360,0,1,40,0.075,0.3545,0.3884,0.089,0.6914,0.5281,0,3.5648,2.0828,1.6721,-0.6116,-0.1916,1,0,0,1,0,0,0,0
55,174,327823,327870,3437,163,82,354240,45,126,1360,0,1,40,0.0809,0.3855,0.395,0.0875,0.7301,0.5732,0,3.5362,2.0756,1.6721,-0.605,-0.1948,1,0,0,1,0,0,0,0
39,172,334925,334972,4123,177,90,426267,40,126,1360,0,1,40,0.0573,0.3404,0.3534,0.0978,0.7514,0.5222,0,3.6152,2.1239,1.6721,-0.6466,-0.1923,1,0,0,1,0,0,0,0
50,181,345580,345626,3666,161,78,379668,43,125,1360,0,1,40,0.0735,0.3916,0.3512,0.0963,0.8137,0.5897,0,3.5642,2.1173,1.6628,-0.6489,-0.1909,1,0,0,1,0,0,0,0
41,184,356230,356279,4331,178,108,450619,45,126,1360,0,1,40,0.0603,0.3819,0.3427,0.1051,0.8034,0.4537,0,3.6366,2.1553,1.6902,-0.6573,-0.1872,1,0,0,1,0,0,0,0
43,176,366881,366932,4048,178,96,421512,50,126,1360,0,1,40,0.0632,0.4032,0.3835,0.0978,0.7472,0.5313,0,3.6072,2.1239,1.7076,-0.6165,-0.1865,1,0,0,1,0,0,0,0
48,177,377537,377585,3985,166,99,413005,41,126,1362,0,1,40,0.0705,0.3564,0.3721,0.0947,0.7771,0.4848,0,3.6004,2.1106,1.6812,-0.6279,-0.1903,1,0,0,1,0,0,0,0
42,180,388190,388236,4019,191,102,417578,41,125,1360,0,1,40,0.0618,0.3669,0.3333,0.1015,0.7225,0.451,0,3.6041,2.1399,1.6628,-0.6667,-0.1883,1,0,0,1,0,0,0,0
41,182,398837,398889,4409,191,102,456908,47,125,1362,0,1,40,0.0602,0.3987,0.3688,0.1035,0.7382,0.5098,0,3.6443,2.1492,1.716,-0.6312,-0.1904,1,0,0,1,0,0,0,0
39,175,409491,409539,3920,166,88,407163,45,125,1360,0,1,40,0.0573,0.3995,0.3529,0.1,0.8193,0.5454,0,3.5933,2.1335,1.6812,-0.6471,-0.1885,1,0,0,1,0,0,0,0
39,185,420136,420189,5003,196,91,522331,49,126,1360,0,1,40,0.0573,0.3535,0.363,0.1073,0.7449,0.5824,0,3.6992,2.1644,1.7243,-0.637,-0.1843,1,0,0,1,0,0,0,0
41,198,430771,430836,6376,200,110,659058,54,127,1360,0,1,40,0.0603,0.3752,0.414,0.1154,0.785,0.5909,0,3.8045,2.1959,1.8129,-0.586,-0.1925,1,0,0,1,0,0,0,0
39,196,441418,441483,6213,210,123,649441,55,124,1356,0,1,40,0.0575,0.3912,0.414,0.1158,0.7476,0.5285,0,3.7933,2.1959,1.8129,-0.586,-0.1834,1,0,0,1,0,0,0,0
41,194,452068,452142,6170,228,137,645016,51,134,1358,0,1,40,0.0604,0.455,0.4837,0.1127,0.6711,0.5401,0,3.7903,2.1847,1.8692,-0.5163,-0.1833,1,0,0,1,0,0,0,0
41,190,462709,462786,6232,250,130,648220,48,133,1356,0,1,40,0.0605,0.4568,0.5168,0.1099,0.596,0.5923,0,3.7946,2.1732,1.8865,-0.4832,-0.1874,1,0,0,1,0,0,0,0
121,159,473414,473430,229,51,31,28034,116,135,1358,0,1,40,0.1782,0.6234,0.4211,0.028,0.7451,0.5161,0,2.3598,1.5798,1.2041,-0.5789,-0.0436,0.8848,0,0,1,0,0,0,0
39,194,498190,498252,5877,211,110,612067,47,126,1358,0,1,40,0.0574,0.3884,0.4,0.1141,0.7346,0.5636,0,3.7692,2.1903,1.7924,-0.6,-0.1864,1,0,0,1,0,0,0,0
41,190,508837,508896,5702,216,119,591835,45,126,1356,0,1,40,0.0605,0.3514,0.396,0.1099,0.6898,0.4958,0,3.756,2.1732,1.7708,-0.604,-0.1891,1,0,0,1,0,0,0,0
39,193,519483,519540,5852,205,117,608466,42,126,1356,0,1,40,0.0575,0.3333,0.3701,0.1136,0.7512,0.4872,0,3.7673,2.1875,1.7559,-0.6299,-0.1877,1,0,0,1,0,0,0,0
127,166,533732,533745,207,40,23,25309,115,134,1356,0,1,40,0.1873,0.5917,0.3333,0.0288,0.975,0.5652,0,2.316,1.5911,1.1139,-0.6667,-0.0448,0.7966,0,0,1,0,0,0,0
126,163,544375,544389,200,50,30,24389,114,134,1358,0,1,40,0.1856,0.6139,0.3784,0.0272,0.74,0.4667,0,2.301,1.5682,1.1461,-0.6216,-0.0473,0.8082,0,0,1,0,0,0,0
39,195,554961,555021,5970,188,118,618937,43,125,1356,0,1,40,0.0575,0.3622,0.3846,0.115,0.8298,0.5085,0,3.776,2.1931,1.7781,-0.6154,-0.19,1,0,0,1,0,0,0,0
41,196,579795,579857,6057,209,138,627913,39,126,1358,0,1,40,0.0604,0.3697,0.4,0.1141,0.7416,0.4493,0,3.7823,2.1903,1.7924,-0.6,-0.1901,1,0,0,1,0,0,0,0
39,196,590440,590503,6143,198,119,637317,45,125,1358,0,1,40,0.0574,0.3789,0.4013,0.1156,0.7929,0.5294,0,3.7884,2.1959,1.7993,-0.5987,-0.1895,1,0,0,1,0,0,0,0
39,195,601086,601148,5786,202,106,600867,41,124,1358,0,1,40,0.0574,0.4018,0.3974,0.1149,0.7723,0.5849,0,3.7624,2.1931,1.7924,-0.6026,-0.1887,1,0,0,1,0,0,0,0
39,190,611732,611792,5941,207,117,618605,45,126,1356,0,1,40,0.0575,0.3443,0.3974,0.1114,0.7295,0.5128,0,3.7739,2.179,1.7781,-0.6026,-0.1865,1,0,0,1,0,0,0,0
41,198,622372,622437,6277,192,109,651641,43,125,1358,0,1,40,0.0604,0.3849,0.414,0.1156,0.8177,0.5963,0,3.7977,2.1959,1.8129,-0.586,-0.189,1,0,0,1,0,0,0,0
41,198,633023,633082,6008,200,112,622760,45,125,1360,0,1,40,0.0603,0.3514,0.3758,0.1154,0.785,0.5268,0,3.7787,2.1959,1.7708,-0.6242,-0.1902,1,0,0,1,0,0,0,0
39,194,643657,643725,6293,216,124,647587,47,124,1356,0,1,40,0.0575,0.4029,0.4387,0.1143,0.7176,0.5484,0,3.7989,2.1903,1.8325,-0.5613,-0.1961,1,0,0,1,0,0,0,0
43,198,686245,686304,6227,205,117,644765,38,124,1358,0,1,40,0.0633,0.3191,0.3807,0.1141,0.7561,0.5043,0,3.7943,2.1903,1.7708,-0.6194,-0.1911,1,0,0,1,0,0,0,0
43,200,696884,696948,6059,206,129,626256,45,125,1358,0,1,40,0.0633,0.397,0.4076,0.1156,0.7621,0.4961,0,3.7824,2.1959,1.8062,-0.5924,-0.1925,1,0,0,1,0,0,0,0
39,193,707526,707593,6117,182,113,637707,49,127,1358,0,1,40,0.0574,0.4072,0.4351,0.1134,0.8461,0.5929,0,3.7865,2.1875,1.8261,-0.5649,-0.1855,1,0,0,1,0,0,0,0
39,200,718174,718237,6181,209,117,638448,44,127,1356,0,1,40,0.0575,0.3906,0.3913,0.1187,0.7703,0.5385,0,3.7911,2.2068,1.7993,-0.6087,-0.193,1,0,0,1,0,0,0,0
96,172,728912,728995,2406,231,168,301138,116,140,1358,0,1,40,0.1414,0.6186,0.9157,0.056,0.329,0.494,1,3.3813,1.8808,1.9191,0.0843,-0.0222,1,0,0,1,0,0,0,0
41,194,743010,743076,5695,211,136,588714,40,126,1358,0,1,40,0.0604,0.436,0.4314,0.1127,0.7251,0.4853,0,3.7555,2.1847,1.8195,-0.5686,-0.1924,1,0,0,1,0,0,0,0
98,166,775041,775118,2148,269,164,266914,113,135,1358,0,1,40,0.1443,0.5898,0.8831,0.0501,0.2528,0.4695,1,3.332,1.8325,1.8865,0.1169,-0.0292,1,0,0,1,0,0,0,0
